[D][remote.raw:041]: Received Raw: 116
[D][remote.raw:041]: Received Raw: 75
[D][remote.raw:041]: Received Raw: 112
[D][remote.raw:041]: Received Raw: 53
[D][remote.raw:041]: Received Raw: 72
[D][remote.raw:041]: Received Raw: 67
[D][remote.raw:041]: Received Raw: 75
[D][remote.raw:041]: Received Raw: 117
[D][remote.raw:041]: Received Raw: 71
[D][remote.raw:041]: Received Raw: 78
[D][remote.raw:041]: Received Raw: 68
[D][remote.raw:041]: Received Raw: 138
[D][remote.raw:041]: Received Raw: 63
[D][remote.raw:041]: Received Raw: 72
[D][remote.raw:041]: Received Raw: 135
[D][remote.raw:041]: Received Raw: 77
[D][remote.raw:041]: Received Raw: 79
[D][remote.raw:041]: Received Raw: 163
[D][remote.raw:041]: Received Raw: 162
[D][remote.raw:041]: Received Raw: 139
[D][remote.raw:041]: Received Raw: 165
[D][remote.raw:041]: Received Raw: 163
[D][remote.raw:041]: Received Raw: 73
[D][remote.raw:041]: Received Raw: 74
[D][remote.raw:041]: Received Raw: 74
[D][remote.raw:041]: Received Raw: 73
[D][remote.raw:041]: Received Raw: 75
[D][remote.raw:041]: Received Raw: 79
[D][remote.raw:041]: Received Raw: 115
[D][remote.raw:041]: Received Raw: 72
[D][remote.raw:041]: Received Raw: 67
[D][remote.raw:041]: Received Raw: 74
[D][remote.raw:041]: Received Raw: 73
[D][remote.raw:041]: Received Raw: 72
[D][remote.raw:041]: Received Raw: 169
[D][remote.raw:041]: Received Raw: 75
[D][remote.raw:041]: Received Raw: 115
[D][remote.raw:041]: Received Raw: 73
[D][remote.raw:041]: Received Raw: 114
[D][remote.raw:041]: Received Raw: 74
[D][remote.raw:041]: Received Raw: 73
[D][remote.raw:041]: Received Raw: 136
[D][remote.raw:041]: Received Raw: 76
[D][remote.raw:041]: Received Raw: 74
[D][remote.raw:041]: Received Raw: 168
[D][remote.raw:041]: Received Raw: 76
[D][remote.raw:041]: Received Raw: 71
[D][remote.raw:041]: Received Raw: 74
[D][remote.raw:041]: Received Raw: 74
[D][remote.raw:041]: Received Raw: 75
[D][remote.raw:041]: Received Raw: 79
[D][remote.raw:041]: Received Raw: 77
[D][remote.raw:041]: Received Raw: 136
[D][remote.raw:041]: Received Raw: 74
[D][remote.raw:041]: Received Raw: 78
[D][remote.raw:041]: Received Raw: 298
[D][remote.raw:041]: Received Raw: 74
[D][remote.raw:041]: Received Raw: 74
[D][remote.raw:041]: Received Raw: 75
[D][remote.raw:041]: Received Raw: 73, -16788, 113
[D][remote.raw:041]: Received Raw: 78
[D][remote.raw:041]: Received Raw: 72
[D][remote.raw:041]: Received Raw: 66
[D][remote.raw:041]: Received Raw: 136
[D][remote.raw:041]: Received Raw: 78
[D][remote.raw:041]: Received Raw: 72
[D][remote.raw:041]: Received Raw: 78
[D][remote.raw:041]: Received Raw: 73
[D][remote.raw:041]: Received Raw: 142
[D][remote.raw:041]: Received Raw: 74
[D][remote.raw:041]: Received Raw: 71
[D][remote.raw:041]: Received Raw: 139
[D][remote.raw:041]: Received Raw: 119
[D][remote.raw:041]: Received Raw: 78
[D][remote.raw:041]: Received Raw: 75
[D][remote.raw:041]: Received Raw: 75
[D][remote.raw:041]: Received Raw: 80
[D][remote.raw:041]: Received Raw: 77
[D][remote.raw:041]: Received Raw: 74
[D][remote.raw:041]: Received Raw: 70
[D][remote.raw:041]: Received Raw: 114
[D][remote.raw:041]: Received Raw: 73
[D][remote.raw:041]: Received Raw: 73
[D][remote.raw:041]: Received Raw: 76
[D][remote.raw:041]: Received Raw: 78
[D][remote.raw:041]: Received Raw: 70
[D][remote.raw:041]: Received Raw: 73
[D][remote.raw:041]: Received Raw: 73
[D][remote.raw:041]: Received Raw: 75
[D][remote.raw:041]: Received Raw: 74
[D][remote.raw:041]: Received Raw: 115
[D][remote.raw:041]: Received Raw: 95
[D][remote.raw:041]: Received Raw: 75
[D][remote.raw:041]: Received Raw: 73
[D][remote.raw:041]: Received Raw: 76
[D][remote.raw:041]: Received Raw: 83
[D][remote.raw:041]: Received Raw: 73
[D][remote.raw:041]: Received Raw: 75
[D][remote.raw:041]: Received Raw: 79
[D][remote.raw:041]: Received Raw: 73
[D][remote.raw:041]: Received Raw: 115
[D][remote.raw:041]: Received Raw: 137
[D][remote.raw:041]: Received Raw: 73
[D][remote.raw:041]: Received Raw: 140
[D][remote.raw:041]: Received Raw: 76
[D][remote.raw:041]: Received Raw: 74
[D][remote.raw:041]: Received Raw: 74
[D][remote.raw:041]: Received Raw: 169
[D][remote.raw:041]: Received Raw: 73
[D][remote.raw:041]: Received Raw:
[D][remote.raw:041]: Received Raw:
[D][remote.raw:041]: Received Raw: 79
[D][remote.raw:041]: Received Raw: 72
[D][remote.raw:041]: Received Raw: 73
[D][remote.raw:041]: Received Raw: 150
[D][remote.raw:041]: Received Raw: 73
[D][remote.raw:041]: Received Raw: 71
[D][remote.raw:041]: Received Raw: 71
[D][remote.raw:041]: Received Raw: 167
[D][remote.raw:041]: Received Raw: 164
[D][remote.raw:041]: Received Raw: 67, -21569, 114
[D][remote.raw:041]: Received Raw: 134
[D][remote.raw:041]: Received Raw: 164
[D][remote.raw:041]: Received Raw: 125
[D][remote.raw:041]: Received Raw: 139
[D][remote.raw:041]: Received Raw: 81
[D][remote.raw:041]: Received Raw: 70
[D][remote.raw:041]: Received Raw: 69
[D][remote.raw:041]: Received Raw: 72
[D][remote.raw:041]: Received Raw: 90
[D][remote.raw:041]: Received Raw: 74
[D][remote.raw:041]: Received Raw: 76
[D][remote.raw:041]: Received Raw: 79
[D][remote.raw:041]: Received Raw: 90, -2581, 72
[D][remote.raw:041]: Received Raw: 74
[D][remote.raw:041]: Received Raw: 77
[D][remote.raw:041]: Received Raw: 77
[D][remote.raw:041]: Received Raw: 163
[D][remote.raw:041]: Received Raw: 71
[D][remote.raw:041]: Received Raw: 81
[D][remote.raw:041]: Received Raw: 75
[D][remote.raw:041]: Received Raw: 60
[D][remote.raw:041]: Received Raw: 136
[D][remote.raw:041]: Received Raw: 74
[D][remote.raw:041]: Received Raw: 80
[D][remote.raw:041]: Received Raw:
[D][remote.raw:041]: Received Raw:
[D][remote.raw:041]: Received Raw: 110
[D][remote.raw:041]: Received Raw: 75
[D][remote.raw:041]: Received Raw: 78
[D][remote.raw:041]: Received Raw: 68
[D][remote.raw:041]: Received Raw: 138
[D][remote.raw:041]: Received Raw: 78
[D][remote.raw:041]: Received Raw: 76
[D][remote.raw:041]: Received Raw: 72
[D][remote.raw:041]: Received Raw: 113
[D][remote.raw:041]: Received Raw: 76
[D][remote.raw:041]: Received Raw: 81
[D][remote.raw:041]: Received Raw: 72
[D][remote.raw:041]: Received Raw: 73
[D][remote.raw:041]: Received Raw: 73
[D][remote.raw:041]: Received Raw: 166
[D][remote.raw:041]: Received Raw: 134
[D][remote.raw:041]: Received Raw: 63, -1164, 74
[D][remote.raw:041]: Received Raw: 77
[D][remote.raw:041]: Received Raw: 75
[D][remote.raw:041]: Received Raw: 67
[D][remote.raw:041]: Received Raw: 77
[D][remote.raw:041]: Received Raw: 70
[D][remote.raw:041]: Received Raw: 75
[D][remote.raw:041]: Received Raw: 76
[D][remote.raw:041]: Received Raw: 75
[D][remote.raw:041]: Received Raw: 74
[D][remote.raw:041]: Received Raw: 72
[D][remote.raw:041]: Received Raw: 73
[D][remote.raw:041]: Received Raw: 72
[D][remote.raw:041]: Received Raw: 75
[D][remote.raw:041]: Received Raw: 75
[D][remote.raw:041]: Received Raw: 73
[D][remote.raw:041]: Received Raw: 115
[D][remote.raw:041]: Received Raw: 71
[D][remote.raw:041]: Received Raw: 75
[D][remote.raw:041]: Received Raw: 79
[D][remote.raw:041]: Received Raw: 75
[D][remote.raw:041]: Received Raw: 62
[D][remote.raw:041]: Received Raw: 73
[D][remote.raw:041]: Received Raw: 76
[D][remote.raw:041]: Received Raw: 74
[D][remote.raw:041]: Received Raw: 77
[D][remote.raw:041]: Received Raw: 52
[D][remote.raw:041]: Received Raw: 73
[D][remote.raw:041]: Received Raw: 167
[D][remote.raw:041]: Received Raw: 71
[D][remote.raw:041]: Received Raw: 78
[D][remote.raw:041]: Received Raw: 77
[D][remote.raw:041]: Received Raw: 78
[D][remote.raw:041]: Received Raw: 75, -5783, 75
[D][remote.raw:041]: Received Raw: 161
[D][remote.raw:041]: Received Raw: 73
[D][remote.raw:041]: Received Raw: 63
[D][remote.raw:041]: Received Raw: 78
[D][remote.raw:041]: Received Raw: 138
[D][remote.raw:041]: Received Raw: 77
[D][remote.raw:041]: Received Raw: 76
[D][remote.raw:041]: Received Raw: 73
[D][remote.raw:041]: Received Raw: 77
[D][remote.raw:041]: Received Raw: 70
[D][remote.raw:041]: Received Raw: 264
[D][remote.raw:041]: Received Raw: 73
[D][remote.raw:041]: Received Raw: 74
[D][remote.raw:041]: Received Raw: 73
[D][remote.raw:041]: Received Raw: 72
[D][remote.raw:041]: Received Raw: 74
[D][remote.raw:041]: Received Raw: 79, -24140, 78
[D][remote.raw:041]: Received Raw: 113
[D][remote.raw:041]: Received Raw: 137
[D][remote.raw:041]: Received Raw: 77
[D][remote.raw:041]: Received Raw: 69
[D][remote.raw:041]: Received Raw: 254
[D][remote.raw:041]: Received Raw: 137
[D][remote.raw:041]: Received Raw: 74
[D][remote.raw:041]: Received Raw: 76
[D][remote.raw:041]: Received Raw: 63
[D][remote.raw:041]: Received Raw: 73
[D][remote.raw:041]: Received Raw: 75
[D][remote.raw:041]: Received Raw: 138
[D][remote.raw:041]: Received Raw: 77
[D][remote.raw:041]: Received Raw: 78
[D][remote.raw:041]: Received Raw: 73
[D][remote.raw:041]: Received Raw: 166
[D][remote.raw:041]: Received Raw: 117
[D][remote.raw:041]: Received Raw: 75
[D][remote.raw:041]: Received Raw: 72
[D][remote.raw:041]: Received Raw: 160
[D][remote.raw:041]: Received Raw: 79
[D][remote.raw:041]: Received Raw:
[D][remote.raw:041]: Received Raw:
[D][remote.raw:041]: Received Raw: 75
[D][remote.raw:041]: Received Raw: 77
[D][remote.raw:041]: Received Raw: 102
[D][remote.raw:041]: Received Raw: 79
[D][remote.raw:041]: Received Raw: 72
[D][remote.raw:041]: Received Raw: 172
[D][remote.raw:041]: Received Raw: 72
[D][remote.raw:041]: Received Raw: 72
[D][remote.raw:041]: Received Raw: 113
[D][remote.raw:041]: Received Raw: 138
[D][remote.raw:041]: Received Raw: 72
[D][remote.raw:041]: Received Raw: 71
[D][remote.raw:041]: Received Raw: 73
[D][remote.raw:041]: Received Raw: 77
[D][remote.raw:041]: Received Raw: 76
[D][remote.raw:041]: Received Raw: 76
[D][remote.raw:041]: Received Raw: 77
[D][remote.raw:041]: Received Raw: 75
[D][remote.raw:041]: Received Raw: 75
[D][remote.raw:041]: Received Raw: 73
[D][remote.raw:041]: Received Raw: 71
[D][remote.raw:041]: Received Raw: 142
[D][remote.raw:041]: Received Raw: 73
[D][remote.raw:041]: Received Raw: 77
[D][remote.raw:041]: Received Raw: 74
[D][remote.raw:041]: Received Raw: 73
[D][remote.raw:041]: Received Raw: 114
[D][remote.raw:041]: Received Raw: 140
[D][remote.raw:041]: Received Raw: 72
[D][remote.raw:041]: Received Raw: 77
[D][remote.raw:041]: Received Raw: 77
[D][remote.raw:041]: Received Raw: 114
[D][remote.raw:041]: Received Raw: 72
[D][remote.raw:041]: Received Raw: 72
[D][remote.raw:041]: Received Raw: 74
[D][remote.raw:041]: Received Raw: 78
[D][remote.raw:041]: Received Raw: 161
[D][remote.raw:041]: Received Raw: 80
[D][remote.raw:041]: Received Raw: 115
[D][remote.raw:041]: Received Raw: 77
[D][remote.raw:041]: Received Raw: 66
[D][remote.raw:041]: Received Raw: 135
[D][remote.raw:041]: Received Raw: 83
[D][remote.raw:041]: Received Raw: 107
[D][remote.raw:041]: Received Raw: 72
[D][remote.raw:041]: Received Raw: 76
[D][remote.raw:041]: Received Raw: 77
[D][remote.raw:041]: Received Raw: 69
[D][remote.raw:041]: Received Raw: 74
[D][remote.raw:041]: Received Raw: 72
[D][remote.raw:041]: Received Raw: 74
[D][remote.raw:041]: Received Raw: 114
[D][remote.raw:041]: Received Raw: 76, -14488, 72
[D][remote.raw:041]: Received Raw: 78
[D][remote.raw:041]: Received Raw: 117
[D][remote.raw:041]: Received Raw: 82
[D][remote.raw:041]: Received Raw: 72
[D][remote.raw:041]: Received Raw: 75
[D][remote.raw:041]: Received Raw: 67
[D][remote.raw:041]: Received Raw: 70
[D][remote.raw:041]: Received Raw: 75
[D][remote.raw:041]: Received Raw: 77
[D][remote.raw:041]: Received Raw: 132
[D][remote.raw:041]: Received Raw: 72, -21061, 74
[D][remote.raw:041]: Received Raw: 75
[D][remote.raw:041]: Received Raw: 216
[D][remote.raw:041]: Received Raw: 74
[D][remote.raw:041]: Received Raw: 74
[D][remote.raw:041]: Received Raw: 72
[D][remote.raw:041]: Received Raw: 84
[D][remote.raw:041]: Received Raw: 61
[D][remote.raw:041]: Received Raw: 73
[D][remote.raw:041]: Received Raw: 74
[D][remote.raw:041]: Received Raw: 77
[D][remote.raw:041]: Received Raw: 114
[D][remote.raw:041]: Received Raw: 160
[D][remote.raw:041]: Received Raw: 64
[D][remote.raw:041]: Received Raw: 198
[D][remote.raw:041]: Received Raw: 135
[D][remote.raw:041]: Received Raw: 78
[D][remote.raw:041]: Received Raw: 76
[D][remote.raw:041]: Received Raw: 77
[D][remote.raw:041]: Received Raw: 137
[D][remote.raw:041]: Received Raw: 69
[D][remote.raw:041]: Received Raw: 73
[D][remote.raw:041]: Received Raw: 75
[D][remote.raw:041]: Received Raw: 79
[D][remote.raw:041]: Received Raw: 75, -16850, 74, -172, 163
[D][remote.raw:041]: Received Raw: 79
[D][remote.raw:041]: Received Raw: 75
[D][remote.raw:041]: Received Raw: 72, -337, 105
[D][remote.raw:041]: Received Raw: 74
[D][remote.raw:041]: Received Raw: 138
[D][remote.raw:041]: Received Raw: 71
[D][remote.raw:041]: Received Raw: 72
[D][remote.raw:041]: Received Raw: 57
[D][remote.raw:041]: Received Raw: 74
[D][remote.raw:041]: Received Raw: 75
[D][remote.raw:041]: Received Raw: 69
[D][remote.raw:041]: Received Raw: 77
[D][remote.raw:041]: Received Raw: 122
[D][remote.raw:041]: Received Raw: 165
[D][remote.raw:041]: Received Raw: 112
[D][remote.raw:041]: Received Raw: 75
[D][remote.raw:041]: Received Raw: 162
[D][remote.raw:041]: Received Raw: 75
[D][remote.raw:041]: Received Raw: 74
[D][remote.raw:041]: Received Raw: 72
[D][remote.raw:041]: Received Raw: 76
[D][remote.raw:041]: Received Raw: 65
[D][remote.raw:041]: Received Raw: 67, -7618, 163
[D][remote.raw:041]: Received Raw: 69
[D][remote.raw:041]: Received Raw:
[D][remote.raw:041]: Received Raw:
[D][remote.raw:041]: Received Raw: 138
[D][remote.raw:041]: Received Raw: 113
[D][remote.raw:041]: Received Raw: 78
[D][remote.raw:041]: Received Raw: 75
[D][remote.raw:041]: Received Raw: 73
[D][remote.raw:041]: Received Raw: 77
[D][remote.raw:041]: Received Raw: 73
[D][remote.raw:041]: Received Raw: 71
[D][remote.raw:041]: Received Raw: 73
[D][remote.raw:041]: Received Raw: 134, -14638, 77
[D][remote.raw:041]: Received Raw: 138
[D][remote.raw:041]: Received Raw: 79
[D][remote.raw:041]: Received Raw: 73
[D][remote.raw:041]: Received Raw: 70
[D][remote.raw:041]: Received Raw: 74, -17088, 73
[D][remote.raw:041]: Received Raw: 75
[D][remote.raw:041]: Received Raw: 69
[D][remote.raw:041]: Received Raw: 73, -22174, 69
[D][remote.raw:041]: Received Raw: 73
[D][remote.raw:041]: Received Raw: 78
[D][remote.raw:041]: Received Raw: 73
[D][remote.raw:041]: Received Raw: 78
[D][remote.raw:041]: Received Raw: 74
[D][remote.raw:041]: Received Raw: 112
[D][remote.raw:041]: Received Raw: 137
[D][remote.raw:041]: Received Raw: 77
[D][remote.raw:041]: Received Raw: 79
[D][remote.raw:041]: Received Raw: 137
[D][remote.raw:041]: Received Raw: 139
[D][remote.raw:041]: Received Raw: 77
[D][remote.raw:041]: Received Raw: 71
[D][remote.raw:041]: Received Raw: 61
[D][remote.raw:041]: Received Raw: 136
[D][remote.raw:041]: Received Raw: 60
[D][remote.raw:041]: Received Raw: 118
[D][remote.raw:041]: Received Raw: 62
[D][remote.raw:041]: Received Raw: 76
[D][remote.raw:041]: Received Raw: 76
[D][remote.raw:041]: Received Raw: 52
[D][remote.raw:041]: Received Raw: 116
[D][remote.raw:041]: Received Raw: 74
[D][remote.raw:041]: Received Raw: 73
[D][remote.raw:041]: Received Raw: 86
[D][remote.raw:041]: Received Raw: 249
[D][remote.raw:041]: Received Raw: 55
[D][remote.raw:041]: Received Raw: 76
[D][remote.raw:041]: Received Raw: 72
[D][remote.raw:041]: Received Raw: 100
[D][remote.raw:041]: Received Raw: 74
[D][remote.raw:041]: Received Raw: 77
[D][remote.raw:041]: Received Raw: 74
[D][remote.raw:041]: Received Raw: 74, -9262, 72
[D][remote.raw:041]: Received Raw: 95
[D][remote.raw:041]: Received Raw: 112
[D][remote.raw:041]: Received Raw: 60
[D][remote.raw:041]: Received Raw: 75
[D][remote.raw:041]: Received Raw: 67
[D][remote.raw:041]: Received Raw: 62
[D][remote.raw:041]: Received Raw: 147
[D][remote.raw:041]: Received Raw: 74
[D][remote.raw:041]: Received Raw: 72
[D][remote.raw:041]: Received Raw: 73
[D][remote.raw:041]: Received Raw: 74
[D][remote.raw:041]: Received Raw: 117
[D][remote.raw:041]: Received Raw: 181
[D][remote.raw:041]: Received Raw: 74
[D][remote.raw:041]: Received Raw: 73, -23199, 71
[D][remote.raw:041]: Received Raw: 72
[D][remote.raw:041]: Received Raw: 63
[D][remote.raw:041]: Received Raw: 59
[D][remote.raw:041]: Received Raw: 107, -16149, 84
[D][remote.raw:041]: Received Raw: 76
[D][remote.raw:041]: Received Raw: 75
[D][remote.raw:041]: Received Raw: 70
[D][remote.raw:041]: Received Raw: 113, -12890, 76
[D][remote.raw:041]: Received Raw: 72
[D][remote.raw:041]: Received Raw: 74
[D][remote.raw:041]: Received Raw: 77
[D][remote.raw:041]: Received Raw: 75
[D][remote.raw:041]: Received Raw: 140
[D][remote.raw:041]: Received Raw: 83
[D][remote.raw:041]: Received Raw: 71
[D][remote.raw:041]: Received Raw: 76
[D][remote.raw:041]: Received Raw: 76
[D][remote.raw:041]: Received Raw: 75
[D][remote.raw:041]: Received Raw: 73
[D][remote.raw:041]: Received Raw: 73
[D][remote.raw:041]: Received Raw: 139
[D][remote.raw:041]: Received Raw: 73
[D][remote.raw:041]: Received Raw: 77
[D][remote.raw:041]: Received Raw: 76
[D][remote.raw:041]: Received Raw: 109
[D][remote.raw:041]: Received Raw: 119
[D][remote.raw:041]: Received Raw: 118
[D][remote.raw:041]: Received Raw: 139
[D][remote.raw:041]: Received Raw: 75
[D][remote.raw:041]: Received Raw: 74
[D][remote.raw:041]: Received Raw: 116
[D][remote.raw:041]: Received Raw: 136
[D][remote.raw:041]: Received Raw: 67
[D][remote.raw:041]: Received Raw: 76
[D][remote.raw:041]: Received Raw: 161
[D][remote.raw:041]: Received Raw: 139
[D][remote.raw:041]: Received Raw: 72
[D][remote.raw:041]: Received Raw: 78
[D][remote.raw:041]: Received Raw: 72
[D][remote.raw:041]: Received Raw: 71
[D][remote.raw:041]: Received Raw: 138
[D][remote.raw:041]: Received Raw: 71
[D][remote.raw:041]: Received Raw: 73
[D][remote.raw:041]: Received Raw: 71
[D][remote.raw:041]: Received Raw: 78
[D][remote.raw:041]: Received Raw: 74
[D][remote.raw:041]: Received Raw: 66
[D][remote.raw:041]: Received Raw: 74
[D][remote.raw:041]: Received Raw: 71
[D][remote.raw:041]: Received Raw: 70
[D][remote.raw:041]: Received Raw: 165
[D][remote.raw:041]: Received Raw: 138
[D][remote.raw:041]: Received Raw: 190
[D][remote.raw:041]: Received Raw: 74
[D][remote.raw:041]: Received Raw: 110
[D][remote.raw:041]: Received Raw: 76
[D][remote.raw:041]: Received Raw: 78
[D][remote.raw:041]: Received Raw: 75
[D][remote.raw:041]: Received Raw: 112
[D][remote.raw:041]: Received Raw: 73
[D][remote.raw:041]: Received Raw: 75
[D][remote.raw:041]: Received Raw: 76
[D][remote.raw:041]: Received Raw: 72
[D][remote.raw:041]: Received Raw: 214
[D][remote.raw:041]: Received Raw: 53
[D][remote.raw:041]: Received Raw: 54
[D][remote.raw:041]: Received Raw: 191
[D][remote.raw:041]: Received Raw: 75
[D][remote.raw:041]: Received Raw: 155
[D][remote.raw:041]: Received Raw: 65, -1049, 69, -2613, 113
[D][remote.raw:041]: Received Raw: 79
[D][remote.raw:041]: Received Raw: 75
[D][remote.raw:041]: Received Raw: 166
[D][remote.raw:041]: Received Raw: 73
[D][remote.raw:041]: Received Raw: 73
[D][remote.raw:041]: Received Raw: 76
[D][remote.raw:041]: Received Raw: 71
[D][remote.raw:041]: Received Raw: 77
[D][remote.raw:041]: Received Raw: 72
[D][remote.raw:041]: Received Raw: 74
[D][remote.raw:041]: Received Raw: 74
[D][remote.raw:041]: Received Raw: 74
[D][remote.raw:041]: Received Raw: 72
[D][remote.raw:041]: Received Raw: 75
[D][remote.raw:041]: Received Raw: 114
[D][remote.raw:041]: Received Raw: 68
[D][remote.raw:041]: Received Raw: 270
[D][remote.raw:041]: Received Raw: 95
[D][remote.raw:041]: Received Raw: 164
[D][remote.raw:041]: Received Raw: 75
[D][remote.raw:041]: Received Raw: 74
[D][remote.raw:041]: Received Raw: 71
[D][remote.raw:041]: Received Raw: 137, -17592, 77
[D][remote.raw:041]: Received Raw: 73
[D][remote.raw:041]: Received Raw: 76
[D][remote.raw:041]: Received Raw: 74
[D][remote.raw:041]: Received Raw: 78
[D][remote.raw:041]: Received Raw: 77
[D][remote.raw:041]: Received Raw: 72
[D][remote.raw:041]: Received Raw: 73
[D][remote.raw:041]: Received Raw: 73
[D][remote.raw:041]: Received Raw: 77
[D][remote.raw:041]: Received Raw: 116
[D][remote.raw:041]: Received Raw: 75
[D][remote.raw:041]: Received Raw: 73
[D][remote.raw:041]: Received Raw: 77
[D][remote.raw:041]: Received Raw: 77
[D][remote.raw:041]: Received Raw: 136
[D][remote.raw:041]: Received Raw: 72
[D][remote.raw:041]: Received Raw: 76
[D][remote.raw:041]: Received Raw: 72
[D][remote.raw:041]: Received Raw: 72
[D][remote.raw:041]: Received Raw: 71
[D][remote.raw:041]: Received Raw: 74
[D][remote.raw:041]: Received Raw: 75
[D][remote.raw:041]: Received Raw: 80
[D][remote.raw:041]: Received Raw: 165
[D][remote.raw:041]: Received Raw: 75
[D][remote.raw:041]: Received Raw: 75
[D][remote.raw:041]: Received Raw: 164
[D][remote.raw:041]: Received Raw: 75
[D][remote.raw:041]: Received Raw: 140
[D][remote.raw:041]: Received Raw: 74
[D][remote.raw:041]: Received Raw: 75
[D][remote.raw:041]: Received Raw: 77
[D][remote.raw:041]: Received Raw: 114
[D][remote.raw:041]: Received Raw: 87
[D][remote.raw:041]: Received Raw: 75
[D][remote.raw:041]: Received Raw: 71
[D][remote.raw:041]: Received Raw: 168
[D][remote.raw:041]: Received Raw: 74
[D][remote.raw:041]: Received Raw: 79
[D][remote.raw:041]: Received Raw: 75
[D][remote.raw:041]: Received Raw: 72
[D][remote.raw:041]: Received Raw: 74
[D][remote.raw:041]: Received Raw: 70
[D][remote.raw:041]: Received Raw: 75
[D][remote.raw:041]: Received Raw: 76
[D][remote.raw:041]: Received Raw: 73
[D][remote.raw:041]: Received Raw: 68
[D][remote.raw:041]: Received Raw: 157
[D][remote.raw:041]: Received Raw: 73
[D][remote.raw:041]: Received Raw: 86
[D][remote.raw:041]: Received Raw: 164
[D][remote.raw:041]: Received Raw: 68
[D][remote.raw:041]: Received Raw: 66
[D][remote.raw:041]: Received Raw: 70
[D][remote.raw:041]: Received Raw: 188
[D][remote.raw:041]: Received Raw: 115
[D][remote.raw:041]: Received Raw: 69
[D][remote.raw:041]: Received Raw: 76
[D][remote.raw:041]: Received Raw: 68
[D][remote.raw:041]: Received Raw: 115
[D][remote.raw:041]: Received Raw: 74
[D][remote.raw:041]: Received Raw: 76
[D][remote.raw:041]: Received Raw: 77
[D][remote.raw:041]: Received Raw: 76
[D][remote.raw:041]: Received Raw: 62
[D][remote.raw:041]: Received Raw: 77
[D][remote.raw:041]: Received Raw: 73
[D][remote.raw:041]: Received Raw: 74
[D][remote.raw:041]: Received Raw: 136
[D][remote.raw:041]: Received Raw: 58
[D][remote.raw:041]: Received Raw: 112
[D][remote.raw:041]: Received Raw: 80, -820, 79
[D][remote.raw:041]: Received Raw: 73
[D][remote.raw:041]: Received Raw: 168
[D][remote.raw:041]: Received Raw: 140
[D][remote.raw:041]: Received Raw: 196
[D][remote.raw:041]: Received Raw: 114
[D][remote.raw:041]: Received Raw: 117
[D][remote.raw:041]: Received Raw: 75
[D][remote.raw:041]: Received Raw: 77
[D][remote.raw:041]: Received Raw: 74
[D][remote.raw:041]: Received Raw: 75
[D][remote.raw:041]: Received Raw: 78
[D][remote.raw:041]: Received Raw: 81
[D][remote.raw:041]: Received Raw: 76
[D][remote.raw:041]: Received Raw: 75
[D][remote.raw:041]: Received Raw: 76
[D][remote.raw:041]: Received Raw: 137
[D][remote.raw:041]: Received Raw: 74
[D][remote.raw:041]: Received Raw: 164
[D][remote.raw:041]: Received Raw: 138
[D][remote.raw:041]: Received Raw: 73
[D][remote.raw:041]: Received Raw: 140
[D][remote.raw:041]: Received Raw: 72
[D][remote.raw:041]: Received Raw: 140
[D][remote.raw:041]: Received Raw: 70
[D][remote.raw:041]: Received Raw: 73
[D][remote.raw:041]: Received Raw: 75
[D][remote.raw:041]: Received Raw: 77
[D][remote.raw:041]: Received Raw: 74
[D][remote.raw:041]: Received Raw: 70
[D][remote.raw:041]: Received Raw: 75
[D][remote.raw:041]: Received Raw: 74
[D][remote.raw:041]: Received Raw: 140
[D][remote.raw:041]: Received Raw: 69
[D][remote.raw:041]: Received Raw: 97
[D][remote.raw:041]: Received Raw: 71
[D][remote.raw:041]: Received Raw: 74
[D][remote.raw:041]: Received Raw: 73
[D][remote.raw:041]: Received Raw: 79
[D][remote.raw:041]: Received Raw: 113
[D][remote.raw:041]: Received Raw: 71
[D][remote.raw:041]: Received Raw: 118
[D][remote.raw:041]: Received Raw: 77
[D][remote.raw:041]: Received Raw: 67
[D][remote.raw:041]: Received Raw: 73
[D][remote.raw:041]: Received Raw: 76
[D][remote.raw:041]: Received Raw: 78
[D][remote.raw:041]: Received Raw: 73
[D][remote.raw:041]: Received Raw: 73
[D][remote.raw:041]: Received Raw: 75
[D][remote.raw:041]: Received Raw: 78
[D][remote.raw:041]: Received Raw: 74
[D][remote.raw:041]: Received Raw: 73
[D][remote.raw:041]: Received Raw: 72
[D][remote.raw:041]: Received Raw: 72
[D][remote.raw:041]: Received Raw: 72
[D][remote.raw:041]: Received Raw: 74
[D][remote.raw:041]: Received Raw: 116
[D][remote.raw:041]: Received Raw: 112
[D][remote.raw:041]: Received Raw: 113
[D][remote.raw:041]: Received Raw: 73
[D][remote.raw:041]: Received Raw: 73
[D][remote.raw:041]: Received Raw: 72
[D][remote.raw:041]: Received Raw: 65
[D][remote.raw:041]: Received Raw: 71
[D][remote.raw:041]: Received Raw: 72
[D][remote.raw:041]: Received Raw: 115
[D][remote.raw:041]: Received Raw: 115
[D][remote.raw:041]: Received Raw: 264
[D][remote.raw:041]: Received Raw: 76
[D][remote.raw:041]: Received Raw: 61
[D][remote.raw:041]: Received Raw: 74
[D][remote.raw:041]: Received Raw: 74
[D][remote.raw:041]: Received Raw: 84
[D][remote.raw:041]: Received Raw: 74
[D][remote.raw:041]: Received Raw: 141
[D][remote.raw:041]: Received Raw: 75
[D][remote.raw:041]: Received Raw: 79
[D][remote.raw:041]: Received Raw: 72
[D][remote.raw:041]: Received Raw: 74
[D][remote.raw:041]: Received Raw: 139
[D][remote.raw:041]: Received Raw: 75
[D][remote.raw:041]: Received Raw: 112
[D][remote.raw:041]: Received Raw: 114
[D][remote.raw:041]: Received Raw: 77
[D][remote.raw:041]: Received Raw: 78
[D][remote.raw:041]: Received Raw: 73
[D][remote.raw:041]: Received Raw: 78
[D][remote.raw:041]: Received Raw: 111
[D][remote.raw:041]: Received Raw: 74
[D][remote.raw:041]: Received Raw: 161
[D][remote.raw:041]: Received Raw: 73
[D][remote.raw:041]: Received Raw: 75
[D][remote.raw:041]: Received Raw: 79
[D][remote.raw:041]: Received Raw: 136
[D][remote.raw:041]: Received Raw: 75
[D][remote.raw:041]: Received Raw: 94
[D][remote.raw:041]: Received Raw: 73
[D][remote.raw:041]: Received Raw: 114
[D][remote.raw:041]: Received Raw: 148
[D][remote.raw:041]: Received Raw: 58, -4235, 53
[D][remote.raw:041]: Received Raw: 72
[D][remote.raw:041]: Received Raw: 75
[D][remote.raw:041]: Received Raw: 73
[D][remote.raw:041]: Received Raw: 164
[D][remote.raw:041]: Received Raw: 78
[D][remote.raw:041]: Received Raw: 114
[D][remote.raw:041]: Received Raw: 162
[D][remote.raw:041]: Received Raw: 79
[D][remote.raw:041]: Received Raw: 73
[D][remote.raw:041]: Received Raw: 76
[D][remote.raw:041]: Received Raw: 80
[D][remote.raw:041]: Received Raw: 72
[D][remote.raw:041]: Received Raw: 73, -2555, 69
[D][remote.raw:041]: Received Raw: 75
[D][remote.raw:041]: Received Raw: 72
[D][remote.raw:041]: Received Raw: 73
[D][remote.raw:041]: Received Raw: 74, -16272, 123
[D][remote.raw:041]: Received Raw: 74
[D][remote.raw:041]: Received Raw: 70, -21465, 77
[D][remote.raw:041]: Received Raw: 69
[D][remote.raw:041]: Received Raw: 72
[D][remote.raw:041]: Received Raw: 76
[D][remote.raw:041]: Received Raw: 78
[D][remote.raw:041]: Received Raw: 92
[D][remote.raw:041]: Received Raw: 71
[D][remote.raw:041]: Received Raw: 73
[D][remote.raw:041]: Received Raw: 114
[D][remote.raw:041]: Received Raw: 73
[D][remote.raw:041]: Received Raw: 77
[D][remote.raw:041]: Received Raw: 114
[D][remote.raw:041]: Received Raw: 75
[D][remote.raw:041]: Received Raw: 138
[D][remote.raw:041]: Received Raw: 94
[D][remote.raw:041]: Received Raw: 58
[D][remote.raw:041]: Received Raw: 72
[D][remote.raw:041]: Received Raw: 72, -17424, 75
[D][remote.raw:041]: Received Raw: 164
[D][remote.raw:041]: Received Raw: 139
[D][remote.raw:041]: Received Raw: 74
[D][remote.raw:041]: Received Raw: 113
[D][remote.raw:041]: Received Raw: 73
[D][remote.raw:041]: Received Raw: 139
[D][remote.raw:041]: Received Raw: 69
[D][remote.raw:041]: Received Raw: 77
[D][remote.raw:041]: Received Raw: 72
[D][remote.raw:041]: Received Raw: 67
[D][remote.raw:041]: Received Raw: 138
[D][remote.raw:041]: Received Raw: 69
[D][remote.raw:041]: Received Raw: 74
[D][remote.raw:041]: Received Raw: 162
[D][remote.raw:041]: Received Raw: 76
[D][remote.raw:041]: Received Raw: 137
[D][remote.raw:041]: Received Raw: 137
[D][remote.raw:041]: Received Raw: 114
[D][remote.raw:041]: Received Raw: 75
[D][remote.raw:041]: Received Raw: 115
[D][remote.raw:041]: Received Raw: 95
[D][remote.raw:041]: Received Raw: 77
[D][remote.raw:041]: Received Raw: 74
[D][remote.raw:041]: Received Raw: 76
[D][remote.raw:041]: Received Raw: 73
[D][remote.raw:041]: Received Raw: 75
[D][remote.raw:041]: Received Raw: 116, -13686, 76
[D][remote.raw:041]: Received Raw: 69
[D][remote.raw:041]: Received Raw: 72
[D][remote.raw:041]: Received Raw: 78
[D][remote.raw:041]: Received Raw: 75
[D][remote.raw:041]: Received Raw:
[D][remote.raw:041]: Received Raw:
[D][remote.raw:041]: Received Raw: 64
[D][remote.raw:041]: Received Raw: 74
[D][remote.raw:041]: Received Raw: 74
[D][remote.raw:041]: Received Raw: 76
[D][remote.raw:041]: Received Raw: 74
[D][remote.raw:041]: Received Raw: 110
[D][remote.raw:041]: Received Raw: 73
[D][remote.raw:041]: Received Raw: 72
[D][remote.raw:041]: Received Raw: 79
[D][remote.raw:041]: Received Raw: 82
[D][remote.raw:041]: Received Raw: 71
[D][remote.raw:041]: Received Raw: 162
[D][remote.raw:041]: Received Raw: 175
[D][remote.raw:041]: Received Raw: 76
[D][remote.raw:041]: Received Raw: 114
[D][remote.raw:041]: Received Raw: 71
[D][remote.raw:041]: Received Raw: 73
[D][remote.raw:041]: Received Raw: 72
[D][remote.raw:041]: Received Raw: 76
[D][remote.raw:041]: Received Raw: 71
[D][remote.raw:041]: Received Raw: 77
[D][remote.raw:041]: Received Raw: 117
[D][remote.raw:041]: Received Raw: 81
[D][remote.raw:041]: Received Raw: 73
[D][remote.raw:041]: Received Raw: 72
[D][remote.raw:041]: Received Raw: 75
[D][remote.raw:041]: Received Raw: 77
[D][remote.raw:041]: Received Raw: 75
[D][remote.raw:041]: Received Raw: 70
[D][remote.raw:041]: Received Raw: 137
[D][remote.raw:041]: Received Raw: 75
[D][remote.raw:041]: Received Raw: 78
[D][remote.raw:041]: Received Raw: 76
[D][remote.raw:041]: Received Raw: 119
[D][remote.raw:041]: Received Raw: 73
[D][remote.raw:041]: Received Raw: 77
[D][remote.raw:041]: Received Raw: 71
[D][remote.raw:041]: Received Raw: 75
[D][remote.raw:041]: Received Raw: 140
[D][remote.raw:041]: Received Raw: 115
[D][remote.raw:041]: Received Raw: 75
[D][remote.raw:041]: Received Raw: 116
[D][remote.raw:041]: Received Raw: 137
[D][remote.raw:041]: Received Raw: 69
[D][remote.raw:041]: Received Raw: 139
[D][remote.raw:041]: Received Raw: 74
[D][remote.raw:041]: Received Raw: 72
[D][remote.raw:041]: Received Raw: 139
[D][remote.raw:041]: Received Raw: 51
[D][remote.raw:041]: Received Raw: 70
[D][remote.raw:041]: Received Raw: 74
[D][remote.raw:041]: Received Raw: 166
[D][remote.raw:041]: Received Raw: 138
[D][remote.raw:041]: Received Raw: 73
[D][remote.raw:041]: Received Raw: 77
[D][remote.raw:041]: Received Raw: 79
[D][remote.raw:041]: Received Raw: 76
[D][remote.raw:041]: Received Raw: 111
[D][remote.raw:041]: Received Raw: 75
[D][remote.raw:041]: Received Raw: 75
[D][remote.raw:041]: Received Raw: 74
[D][remote.raw:041]: Received Raw: 75
[D][remote.raw:041]: Received Raw: 123
[D][remote.raw:041]: Received Raw: 115
[D][remote.raw:041]: Received Raw: 113
[D][remote.raw:041]: Received Raw: 77
[D][remote.raw:041]: Received Raw: 75
[D][remote.raw:041]: Received Raw: 115
[D][remote.raw:041]: Received Raw: 73
[D][remote.raw:041]: Received Raw: 80
[D][remote.raw:041]: Received Raw: 71
[D][remote.raw:041]: Received Raw: 75
[D][remote.raw:041]: Received Raw: 68
[D][remote.raw:041]: Received Raw: 164
[D][remote.raw:041]: Received Raw: 66
[D][remote.raw:041]: Received Raw: 193
[D][remote.raw:041]: Received Raw: 138
[D][remote.raw:041]: Received Raw: 165
[D][remote.raw:041]: Received Raw: 74
[D][remote.raw:041]: Received Raw: 115, -166
[D][remote.raw:041]: Received Raw:
[D][remote.raw:041]: Received Raw: 72, -23011, 74
[D][remote.raw:041]: Received Raw: 78
[D][remote.raw:041]: Received Raw: 70
[D][remote.raw:041]: Received Raw: 115
[D][remote.raw:041]: Received Raw: 112
[D][remote.raw:041]: Received Raw: 79
[D][remote.raw:041]: Received Raw: 95
[D][remote.raw:041]: Received Raw: 73
[D][remote.raw:041]: Received Raw: 110
[D][remote.raw:041]: Received Raw: 75
[D][remote.raw:041]: Received Raw: 76
[D][remote.raw:041]: Received Raw: 112
[D][remote.raw:041]: Received Raw: 69
[D][remote.raw:041]: Received Raw: 115
[D][remote.raw:041]: Received Raw: 72
[D][remote.raw:041]: Received Raw: 102
[D][remote.raw:041]: Received Raw: 75
[D][remote.raw:041]: Received Raw: 77
[D][remote.raw:041]: Received Raw: 79
[D][remote.raw:041]: Received Raw: 73
[D][remote.raw:041]: Received Raw: 165
[D][remote.raw:041]: Received Raw: 121
[D][remote.raw:041]: Received Raw: 74
[D][remote.raw:041]: Received Raw: 76
[D][remote.raw:041]: Received Raw: 74
[D][remote.raw:041]: Received Raw: 77
[D][remote.raw:041]: Received Raw: 93, -648, 73
[D][remote.raw:041]: Received Raw: 73
[D][remote.raw:041]: Received Raw: 78
[D][remote.raw:041]: Received Raw: 140
[D][remote.raw:041]: Received Raw: 139
[D][remote.raw:041]: Received Raw: 137, -14807, 75
[D][remote.raw:041]: Received Raw: 79
[D][remote.raw:041]: Received Raw: 78
[D][remote.raw:041]: Received Raw: 75
[D][remote.raw:041]: Received Raw: 74
[D][remote.raw:041]: Received Raw: 76
[D][remote.raw:041]: Received Raw: 72
[D][remote.raw:041]: Received Raw: 72
[D][remote.raw:041]: Received Raw: 74
[D][remote.raw:041]: Received Raw: 74
[D][remote.raw:041]: Received Raw: 75
[D][remote.raw:041]: Received Raw: 75
[D][remote.raw:041]: Received Raw: 113
[D][remote.raw:041]: Received Raw: 69
[D][remote.raw:041]: Received Raw: 69
[D][remote.raw:041]: Received Raw: 115
[D][remote.raw:041]: Received Raw: 78
[D][remote.raw:041]: Received Raw: 78
[D][remote.raw:041]: Received Raw: 75
[D][remote.raw:041]: Received Raw: 72
[D][remote.raw:041]: Received Raw: 115
[D][remote.raw:041]: Received Raw: 70
[D][remote.raw:041]: Received Raw: 110
[D][remote.raw:041]: Received Raw: 76
[D][remote.raw:041]: Received Raw: 137
[D][remote.raw:041]: Received Raw: 83
[D][remote.raw:041]: Received Raw: 75
[D][remote.raw:041]: Received Raw: 164
[D][remote.raw:041]: Received Raw: 73
[D][remote.raw:041]: Received Raw: 77
[D][remote.raw:041]: Received Raw: 137
[D][remote.raw:041]: Received Raw: 77
[D][remote.raw:041]: Received Raw: 75
[D][remote.raw:041]: Received Raw: 72
[D][remote.raw:041]: Received Raw: 73
[D][remote.raw:041]: Received Raw: 77
[D][remote.raw:041]: Received Raw: 107
[D][remote.raw:041]: Received Raw: 128
[D][remote.raw:041]: Received Raw: 73
[D][remote.raw:041]: Received Raw: 75
[D][remote.raw:041]: Received Raw: 115
[D][remote.raw:041]: Received Raw: 68
[D][remote.raw:041]: Received Raw: 139
[D][remote.raw:041]: Received Raw: 72
[D][remote.raw:041]: Received Raw: 74
[D][remote.raw:041]: Received Raw: 59
[D][remote.raw:041]: Received Raw: 75
[D][remote.raw:041]: Received Raw: 74
[D][remote.raw:041]: Received Raw: 79
[D][remote.raw:041]: Received Raw: 111
[D][remote.raw:041]: Received Raw: 82
[D][remote.raw:041]: Received Raw: 114
[D][remote.raw:041]: Received Raw: 77
[D][remote.raw:041]: Received Raw: 76
[D][remote.raw:041]: Received Raw: 71
[D][remote.raw:041]: Received Raw: 68
[D][remote.raw:041]: Received Raw: 73
[D][remote.raw:041]: Received Raw: 138
[D][remote.raw:041]: Received Raw: 81
[D][remote.raw:041]: Received Raw: 71
[D][remote.raw:041]: Received Raw: 82
[D][remote.raw:041]: Received Raw: 78
[D][remote.raw:041]: Received Raw: 72
[D][remote.raw:041]: Received Raw: 74
[D][remote.raw:041]: Received Raw: 163
[D][remote.raw:041]: Received Raw: 77
[D][remote.raw:041]: Received Raw: 114
[D][remote.raw:041]: Received Raw: 112
[D][remote.raw:041]: Received Raw: 73
[D][remote.raw:041]: Received Raw: 77
[D][remote.raw:041]: Received Raw: 73
[D][remote.raw:041]: Received Raw: 76
[D][remote.raw:041]: Received Raw: 79
[D][remote.raw:041]: Received Raw: 76
[D][remote.raw:041]: Received Raw: 76
[D][remote.raw:041]: Received Raw: 75
[D][remote.raw:041]: Received Raw: 74
[D][remote.raw:041]: Received Raw: 157
[D][remote.raw:041]: Received Raw: 73
[D][remote.raw:041]: Received Raw: 71
[D][remote.raw:041]: Received Raw: 72
[D][remote.raw:041]: Received Raw: 72
[D][remote.raw:041]: Received Raw: 74
[D][remote.raw:041]: Received Raw: 71
[E][api:084]: No client connected to API. Rebooting...
[I][app:127]: Forcing a reboot...
[W][wifi_esp8266:337]: Event: Disconnected ssid='Hemels' bssid=20:AA:4B:21:11:D7 reason='Association Leave'

 ets Jan  8 2013,rst cause:4, boot mode:(3,3)

wdt reset
load 0x4010f000, len 1384, room 16
tail 8
chksum 0x2d
csum 0x2d
v8b899c12
~ld
   [I][logger:156]: Log initialized
[C][ota:364]: There have been 0 suspected unsuccessful boot attempts.
[I][app:028]: Running through setup()...
[C][remote_receiver.esp8266:033]: Setting up Remote Receiver...
[C][wifi:033]: Setting up WiFi...
[D][wifi:304]: Starting scan...
[D][remote.raw:041]: Received Raw: 74
[D][wifi:319]: Found networks:
[I][wifi:365]: - 'Hemels' (20:AA:4B:21:11:D7) ▂▄▆█
[D][wifi:366]:     Channel: 6
[D][wifi:367]:     RSSI: -37 dB
[I][wifi:365]: - 'Hemels' (C4:AD:34:6C:E2:5D) ▂▄▆█
[D][wifi:366]:     Channel: 1
[D][wifi:367]:     RSSI: -74 dB
[I][wifi:365]: - 'Hemels' (B8:69:F4:B2:A5:F1) ▂▄▆█
[D][wifi:366]:     Channel: 1
[D][wifi:367]:     RSSI: -83 dB
[D][wifi:369]: - 'MikroTikWerk' (E4:8D:8C:9F:63:73) ▂▄▆█
[D][wifi:369]: - 'ziggo-ap-6108488' (D8:B6:B7:C5:B5:74) ▂▄▆█
[D][wifi:369]: - 'VRV951784EDA4' (CC:D4:2E:15:E0:37) ▂▄▆█
[D][wifi:369]: - '' (76:83:C2:9F:5D:2A) ▂▄▆█
[D][wifi:369]: - 'H368N9A8E2B' (66:CC:22:CF:59:E7) ▂▄▆█
[D][wifi:369]: - 'Wireless' (74:83:C2:DF:5D:2A) ▂▄▆█
[D][wifi:369]: - 'TP-Link_2.4GHz_2B8432' (B0:95:75:2B:84:32) ▂▄▆█
[D][wifi:369]: - 'Ziggo' (92:5C:14:A7:1C:E9) ▂▄▆█
[D][wifi:369]: - 'VRV951784EDA4' (64:CC:22:84:ED:A4) ▂▄▆█
[D][wifi:369]: - 'ZiggoB1E2841' (54:67:51:B7:C7:3E) ▂▄▆█
[D][wifi:369]: - '' (76:83:C2:9F:CE:2E) ▂▄▆█
[D][wifi:369]: - 'H369A7AD9F9' (96:6A:B0:C3:86:2F) ▂▄▆█
[D][wifi:369]: - 'Rainier's WLAN' (90:5C:44:A7:1C:E9) ▂▄▆█
[D][wifi:369]: - 'van Tol_Gast' (CE:D4:2E:97:D9:49) ▂▄▆█
[D][wifi:369]: - 'Ziggo' (52:0D:10:DC:95:59) ▂▄▆█
[D][wifi:369]: - 'Ziggo' (56:67:11:B7:C7:3E) ▂▄▆█
[D][wifi:369]: - 'H369A7AD9F9_Gast' (96:6A:B0:D3:86:2F) ▂▄▆█
[D][wifi:369]: - 'H369A094B74_EXT' (A4:2B:8C:10:DE:53) ▂▄▆█
[D][wifi:369]: - 'Quicksilver' (B0:4E:26:38:A6:D5) ▂▄▆█
[D][wifi:369]: - '' (1A:E8:29:17:CA:EF) ▂▄▆█
[D][wifi:369]: - 'DIHNVJEC' (BC:30:D9:25:8A:93) ▂▄▆█
[D][wifi:369]: - 'Josh & Kim' (80:29:94:C3:1C:6C) ▂▄▆█
[D][wifi:369]: - 'SEC_LinkShare_b28c7a' (E4:E0:C5:01:26:AB) ▂▄▆█
[D][wifi:369]: - 'Welcome to the Matrix' (E8:94:F6:AA:B4:5C) ▂▄▆█
[I][wifi:193]: WiFi Connecting to 'Hemels'...
[D][remote.raw:041]: Received Raw: 66, -3109, 124
[D][remote.raw:041]: Received Raw: 68, -9399, 71
[D][remote.raw:041]: Received Raw: 75
[D][remote.raw:041]: Received Raw: 139, -5972, 190
[D][remote.raw:041]: Received Raw: 116
[D][remote.raw:041]: Received Raw: 72
[I][wifi:423]: WiFi Connected!
[C][wifi:283]:   SSID: 'Hemels'
[C][wifi:284]:   IP Address: 192.168.178.28
[C][wifi:286]:   BSSID: 20:AA:4B:21:11:D7
[C][wifi:287]:   Hostname: 'irreceiver'
[C][wifi:291]:   Signal strength: -46 dB ▂▄▆█
[C][wifi:295]:   Channel: 6
[C][wifi:296]:   Subnet: 255.255.255.0
[C][wifi:297]:   Gateway: 192.168.178.9
[C][wifi:298]:   DNS1: 192.168.178.9
[C][wifi:299]:   DNS2: 213.75.63.75
[D][wifi:432]: Disabling AP...
[C][ota:029]: Over-The-Air Updates:
[C][ota:030]:   Address: irreceiver.local:8266
[C][api:022]: Setting up Home Assistant API server...
[I][app:058]: setup() finished successfully!
[I][app:100]: ESPHome version 1.14.3 compiled on Aug 27 2020, 18:35:30
[C][wifi:415]: WiFi:
[C][wifi:283]:   SSID: 'Hemels'
[C][wifi:284]:   IP Address: 192.168.178.28
[C][wifi:286]:   BSSID: 20:AA:4B:21:11:D7
[C][wifi:287]:   Hostname: 'irreceiver'
[C][wifi:291]:   Signal strength: -46 dB ▂▄▆█
[C][wifi:295]:   Channel: 6
[C][wifi:296]:   Subnet: 255.255.255.0
[C][wifi:297]:   Gateway: 192.168.178.9
[C][wifi:298]:   DNS1: 192.168.178.9
[C][wifi:299]:   DNS2: 213.75.63.75
[C][logger:175]: Logger:
[C][logger:176]:   Level: DEBUG
[C][logger:177]:   Log Baud Rate: 115200
[C][logger:178]:   Hardware UART: UART0
[C][remote_receiver.esp8266:059]: Remote Receiver:
[C][remote_receiver.esp8266:060]:   Pin: GPIO2 (Mode: INPUT_PULLUP, INVERTED)
[C][remote_receiver.esp8266:065]:   Buffer Size: 1000
[C][remote_receiver.esp8266:066]:   Tolerance: 25%
[C][remote_receiver.esp8266:067]:   Filter out pulses shorter than: 50 us
[C][remote_receiver.esp8266:068]:   Signal is done after 25000 us of no changes
[C][captive_portal:169]: Captive Portal:
[C][ota:029]: Over-The-Air Updates:
[C][ota:030]:   Address: irreceiver.local:8266
[C][api:095]: API Server:
[C][api:096]:   Address: irreceiver.local:6053
[D][remote.raw:041]: Received Raw: 67
[D][remote.raw:041]: Received Raw: 72
[D][remote.raw:041]: Received Raw: 71
[D][remote.raw:041]: Received Raw: 112
[D][remote.raw:041]: Received Raw: 72
[D][remote.raw:041]: Received Raw: 75
[D][remote.raw:041]: Received Raw: 73
[D][remote.raw:041]: Received Raw: 77
[D][remote.raw:041]: Received Raw: 73
[D][remote.raw:041]: Received Raw: 75
[D][remote.raw:041]: Received Raw: 77
[D][remote.raw:041]: Received Raw: 75
[D][remote.raw:041]: Received Raw: 72
[D][remote.raw:041]: Received Raw: 73
[D][remote.raw:041]: Received Raw: 74
[D][remote.raw:041]: Received Raw: 76, -22896, 114
[D][remote.raw:041]: Received Raw: 73
[D][remote.raw:041]: Received Raw: 69
[D][remote.raw:041]: Received Raw: 67
[D][remote.raw:041]: Received Raw: 139
[D][remote.raw:041]: Received Raw: 73
[D][remote.raw:041]: Received Raw: 138
[D][remote.raw:041]: Received Raw: 74
[D][remote.raw:041]: Received Raw: 63
[D][remote.raw:041]: Received Raw: 73
[D][remote.raw:041]: Received Raw: 72
[D][remote.raw:041]: Received Raw: 114
[D][remote.raw:041]: Received Raw: 164
[D][remote.raw:041]: Received Raw: 79
[D][remote.raw:041]: Received Raw: 68
[D][remote.raw:041]: Received Raw: 80
[D][remote.raw:041]: Received Raw: 163
[D][remote.raw:041]: Received Raw: 78
[D][remote.raw:041]: Received Raw: 74
[D][remote.raw:041]: Received Raw: 73
[D][remote.raw:041]: Received Raw: 114
[D][remote.raw:041]: Received Raw: 70
[D][remote.raw:041]: Received Raw: 73
[D][remote.raw:041]: Received Raw: 79
[D][remote.raw:041]: Received Raw: 112
[D][remote.raw:041]: Received Raw: 74
[D][remote.raw:041]: Received Raw: 77
[D][remote.raw:041]: Received Raw: 139
[D][remote.raw:041]: Received Raw: 72
[D][remote.raw:041]: Received Raw: 72
[D][remote.raw:041]: Received Raw: 75
[D][remote.raw:041]: Received Raw: 78
[D][remote.raw:041]: Received Raw: 80
[D][remote.raw:041]: Received Raw: 139
[D][remote.raw:041]: Received Raw: 77
[D][remote.raw:041]: Received Raw: 75
[D][remote.raw:041]: Received Raw: 136
[D][remote.raw:041]: Received Raw: 73
[D][remote.raw:041]: Received Raw: 75
[D][remote.raw:041]: Received Raw: 124
[D][remote.raw:041]: Received Raw: 163
[D][remote.raw:041]: Received Raw: 72
[D][remote.raw:041]: Received Raw: 138
[D][remote.raw:041]: Received Raw: 74
[D][remote.raw:041]: Received Raw: 75
[D][remote.raw:041]: Received Raw: 74
[D][remote.raw:041]: Received Raw: 77
[D][remote.raw:041]: Received Raw: 74
[D][remote.raw:041]: Received Raw: 75
[D][remote.raw:041]: Received Raw: 73
[D][remote.raw:041]: Received Raw: 76
[D][remote.raw:041]: Received Raw: 162
[D][remote.raw:041]: Received Raw: 139
[D][remote.raw:041]: Received Raw: 79
[D][remote.raw:041]: Received Raw: 76
[D][remote.raw:041]: Received Raw: 76
[D][remote.raw:041]: Received Raw: 73
[D][remote.raw:041]: Received Raw: 83
[D][remote.raw:041]: Received Raw: 78
[D][remote.raw:041]: Received Raw: 162
[D][remote.raw:041]: Received Raw: 71, -21639, 68
[D][remote.raw:041]: Received Raw: 114
[D][remote.raw:041]: Received Raw: 71
[D][remote.raw:041]: Received Raw: 71
[D][remote.raw:041]: Received Raw: 136
[D][remote.raw:041]: Received Raw: 80
[D][remote.raw:041]: Received Raw: 80
[D][remote.raw:041]: Received Raw: 75
[D][remote.raw:041]: Received Raw: 73
[D][remote.raw:041]: Received Raw: 72
[D][remote.raw:041]: Received Raw: 73
[D][remote.raw:041]: Received Raw: 140
[D][remote.raw:041]: Received Raw: 71
[D][remote.raw:041]: Received Raw: 75
[D][remote.raw:041]: Received Raw: 136
[D][remote.raw:041]: Received Raw: 75
[D][remote.raw:041]: Received Raw: 73
[D][remote.raw:041]: Received Raw: 70
[D][remote.raw:041]: Received Raw: 93
[D][remote.raw:041]: Received Raw: 78
[D][remote.raw:041]: Received Raw: 65
[D][remote.raw:041]: Received Raw: 69
[D][remote.raw:041]: Received Raw: 76
[D][remote.raw:041]: Received Raw: 69
[D][remote.raw:041]: Received Raw: 74
[D][remote.raw:041]: Received Raw: 75
[D][remote.raw:041]: Received Raw: 76
[D][remote.raw:041]: Received Raw: 57
[D][remote.raw:041]: Received Raw: 139
[D][remote.raw:041]: Received Raw: 137
[D][remote.raw:041]: Received Raw: 75
[D][remote.raw:041]: Received Raw: 73
[D][remote.raw:041]: Received Raw: 167
[D][remote.raw:041]: Received Raw: 115
[D][remote.raw:041]: Received Raw: 76
[D][remote.raw:041]: Received Raw: 72
[D][remote.raw:041]: Received Raw: 75
[D][remote.raw:041]: Received Raw: 72
[D][remote.raw:041]: Received Raw: 74
[D][remote.raw:041]: Received Raw: 71
[D][remote.raw:041]: Received Raw: 172
[D][remote.raw:041]: Received Raw: 74
[D][remote.raw:041]: Received Raw: 77, -4949, 76
[D][remote.raw:041]: Received Raw: 77
[D][remote.raw:041]: Received Raw: 69
[D][remote.raw:041]: Received Raw: 73
[D][remote.raw:041]: Received Raw: 69
[D][remote.raw:041]: Received Raw: 73
[D][remote.raw:041]: Received Raw: 74
[D][remote.raw:041]: Received Raw: 116
[D][remote.raw:041]: Received Raw: 71
[D][remote.raw:041]: Received Raw: 113
[D][remote.raw:041]: Received Raw: 75
[D][remote.raw:041]: Received Raw: 83
[D][remote.raw:041]: Received Raw: 72
[D][remote.raw:041]: Received Raw: 75
[D][remote.raw:041]: Received Raw: 75
[D][remote.raw:041]: Received Raw: 138
[D][remote.raw:041]: Received Raw: 113
[D][remote.raw:041]: Received Raw: 75
[D][remote.raw:041]: Received Raw: 73
[D][remote.raw:041]: Received Raw: 191
[D][remote.raw:041]: Received Raw: 136
[D][remote.raw:041]: Received Raw: 77
[D][remote.raw:041]: Received Raw: 75
[D][remote.raw:041]: Received Raw: 75
[D][remote.raw:041]: Received Raw: 127
[D][remote.raw:041]: Received Raw: 73
[D][remote.raw:041]: Received Raw: 74
[D][remote.raw:041]: Received Raw: 81
[I][ota:046]: Boot seems successful, resetting boot loop counter.
[D][remote.raw:041]: Received Raw: 78
[D][remote.raw:041]: Received Raw: 112
[D][remote.raw:041]: Received Raw: 73
[D][remote.raw:041]: Received Raw: 138
[D][remote.raw:041]: Received Raw: 66
[D][remote.raw:041]: Received Raw: 117
[D][remote.raw:041]: Received Raw: 110
[D][remote.raw:041]: Received Raw: 72
[D][remote.raw:041]: Received Raw: 137
[D][remote.raw:041]: Received Raw: 74
[D][remote.raw:041]: Received Raw: 73
[D][remote.raw:041]: Received Raw: 138
[D][remote.raw:041]: Received Raw: 82
[D][remote.raw:041]: Received Raw: 72
[D][remote.raw:041]: Received Raw: 113
[D][remote.raw:041]: Received Raw: 165
[D][remote.raw:041]: Received Raw: 123
[D][remote.raw:041]: Received Raw: 73
[D][remote.raw:041]: Received Raw: 77
[D][remote.raw:041]: Received Raw: 135
[D][remote.raw:041]: Received Raw: 75
[D][remote.raw:041]: Received Raw: 73
[D][remote.raw:041]: Received Raw: 115
[D][remote.raw:041]: Received Raw: 138
[D][remote.raw:041]: Received Raw: 117
[D][remote.raw:041]: Received Raw: 78
[D][remote.raw:041]: Received Raw: 73
[D][remote.raw:041]: Received Raw: 75
[D][remote.raw:041]: Received Raw: 79
[D][remote.raw:041]: Received Raw: 117
[D][remote.raw:041]: Received Raw: 93
[D][remote.raw:041]: Received Raw: 72
[D][remote.raw:041]: Received Raw: 79
[D][remote.raw:041]: Received Raw: 74
[D][remote.raw:041]: Received Raw: 115
[D][remote.raw:041]: Received Raw: 77
[D][remote.raw:041]: Received Raw: 75
[D][remote.raw:041]: Received Raw: 80
[D][remote.raw:041]: Received Raw: 72
[D][remote.raw:041]: Received Raw: 79
[D][remote.raw:041]: Received Raw: 75
[D][remote.raw:041]: Received Raw: 87
[D][remote.raw:041]: Received Raw: 163, -457, 67
[D][remote.raw:041]: Received Raw: 73
[D][remote.raw:041]: Received Raw: 75, -6106, 136
[D][remote.raw:041]: Received Raw: 73
[D][remote.raw:041]: Received Raw: 79
[D][remote.raw:041]: Received Raw: 70
[D][remote.raw:041]: Received Raw: 74
[D][remote.raw:041]: Received Raw: 73
[D][remote.raw:041]: Received Raw: 160
[D][remote.raw:041]: Received Raw: 75
[D][remote.raw:041]: Received Raw: 73
[D][remote.raw:041]: Received Raw: 74
[D][remote.raw:041]: Received Raw: 161
[D][remote.raw:041]: Received Raw: 191
[D][remote.raw:041]: Received Raw: 77
[D][remote.raw:041]: Received Raw: 69
[D][remote.raw:041]: Received Raw: 140
[D][remote.raw:041]: Received Raw: 78
[D][remote.raw:041]: Received Raw: 74
[D][remote.raw:041]: Received Raw: 72
[D][remote.raw:041]: Received Raw: 69
[D][remote.raw:041]: Received Raw: 160
[D][remote.raw:041]: Received Raw: 72, -6039, 72
[D][remote.raw:041]: Received Raw: 71
[D][remote.raw:041]: Received Raw: 73
[D][remote.raw:041]: Received Raw: 75
[D][remote.raw:041]: Received Raw: 74
[D][remote.raw:041]: Received Raw: 75
[D][remote.raw:041]: Received Raw: 79
[D][remote.raw:041]: Received Raw: 134
[D][remote.raw:041]: Received Raw: 78
[D][remote.raw:041]: Received Raw: 76
[D][remote.raw:041]: Received Raw: 79
[D][remote.raw:041]: Received Raw: 114, -22888, 142
[D][remote.raw:041]: Received Raw: 75
[D][remote.raw:041]: Received Raw: 75
[D][remote.raw:041]: Received Raw: 73
[D][remote.raw:041]: Received Raw: 71
[D][remote.raw:041]: Received Raw: 74
[D][remote.raw:041]: Received Raw: 73
[D][remote.raw:041]: Received Raw: 72
[D][remote.raw:041]: Received Raw: 138
[D][remote.raw:041]: Received Raw: 72
[D][remote.raw:041]: Received Raw: 74
[D][remote.raw:041]: Received Raw: 85
[D][remote.raw:041]: Received Raw: 74
[D][remote.raw:041]: Received Raw: 72
[D][remote.raw:041]: Received Raw: 74
[D][remote.raw:041]: Received Raw: 74
[D][remote.raw:041]: Received Raw: 68
[D][remote.raw:041]: Received Raw: 137
[D][remote.raw:041]: Received Raw: 76
[D][remote.raw:041]: Received Raw: 76
[D][remote.raw:041]: Received Raw: 75
[D][remote.raw:041]: Received Raw: 160
[D][remote.raw:041]: Received Raw: 79
[D][remote.raw:041]: Received Raw: 73
[D][remote.raw:041]: Received Raw: 71
[D][remote.raw:041]: Received Raw: 71
[D][remote.raw:041]: Received Raw: 72
[D][remote.raw:041]: Received Raw: 71
[D][remote.raw:041]: Received Raw: 76
[D][remote.raw:041]: Received Raw: 75
[D][remote.raw:041]: Received Raw: 73
[D][remote.raw:041]: Received Raw: 116
[D][remote.raw:041]: Received Raw: 76
[D][remote.raw:041]: Received Raw: 77
[D][remote.raw:041]: Received Raw: 75
[D][remote.raw:041]: Received Raw: 74
[D][remote.raw:041]: Received Raw: 81
[D][remote.raw:041]: Received Raw: 73
[D][remote.raw:041]: Received Raw: 74
[D][remote.raw:041]: Received Raw: 71
[D][remote.raw:041]: Received Raw: 74
[D][remote.raw:041]: Received Raw: 69
[D][remote.raw:041]: Received Raw: 117
[D][remote.raw:041]: Received Raw: 76
[D][remote.raw:041]: Received Raw: 70
[D][remote.raw:041]: Received Raw: 114
[D][remote.raw:041]: Received Raw: 71
[D][remote.raw:041]: Received Raw: 72
[D][remote.raw:041]: Received Raw: 72
[D][remote.raw:041]: Received Raw: 62
[D][remote.raw:041]: Received Raw: 74
[D][remote.raw:041]: Received Raw: 114
[D][remote.raw:041]: Received Raw: 72
[D][remote.raw:041]: Received Raw: 118
[D][remote.raw:041]: Received Raw: 77
[D][remote.raw:041]: Received Raw: 79
[D][remote.raw:041]: Received Raw: 165
[D][remote.raw:041]: Received Raw: 115
[D][remote.raw:041]: Received Raw: 73
[D][remote.raw:041]: Received Raw: 76
[D][remote.raw:041]: Received Raw: 117
[D][remote.raw:041]: Received Raw: 74
[D][remote.raw:041]: Received Raw: 82, -12427, 71
[D][remote.raw:041]: Received Raw: 74, -221, 70
[D][remote.raw:041]: Received Raw: 112
[D][remote.raw:041]: Received Raw: 75
[D][remote.raw:041]: Received Raw: 61
[D][remote.raw:041]: Received Raw: 76
[D][remote.raw:041]: Received Raw: 108
[D][remote.raw:041]: Received Raw: 78
[D][remote.raw:041]: Received Raw: 77
[D][remote.raw:041]: Received Raw: 72
[D][remote.raw:041]: Received Raw: 75
[D][remote.raw:041]: Received Raw: 74
[D][remote.raw:041]: Received Raw: 74
[D][remote.raw:041]: Received Raw: 59
[D][remote.raw:041]: Received Raw: 74
[D][remote.raw:041]: Received Raw: 113
[D][remote.raw:041]: Received Raw: 76
[D][remote.raw:041]: Received Raw: 73
[D][remote.raw:041]: Received Raw: 110
[D][remote.raw:041]: Received Raw: 77
[D][remote.raw:041]: Received Raw: 74
[D][remote.raw:041]: Received Raw: 73
[D][remote.raw:041]: Received Raw: 76
[D][remote.raw:041]: Received Raw: 142
[D][remote.raw:041]: Received Raw: 72
[D][remote.raw:041]: Received Raw: 72
[D][remote.raw:041]: Received Raw: 72
[D][remote.raw:041]: Received Raw: 74
[D][remote.raw:041]: Received Raw: 76
[D][remote.raw:041]: Received Raw: 75
[D][remote.raw:041]: Received Raw: 70
[D][remote.raw:041]: Received Raw: 75
[D][remote.raw:041]: Received Raw: 100
[D][remote.raw:041]: Received Raw: 70
[D][remote.raw:041]: Received Raw: 118
[D][remote.raw:041]: Received Raw: 74
[D][remote.raw:041]: Received Raw: 72
[D][remote.raw:041]: Received Raw: 140
[D][remote.raw:041]: Received Raw: 112
[D][remote.raw:041]: Received Raw: 114
[D][remote.raw:041]: Received Raw: 66
[D][remote.raw:041]: Received Raw: 72
[D][remote.raw:041]: Received Raw: 77, -8977, 72
[D][remote.raw:041]: Received Raw: 67
[D][remote.raw:041]: Received Raw: 75
[D][remote.raw:041]: Received Raw: 115
[D][remote.raw:041]: Received Raw: 73
[D][remote.raw:041]: Received Raw: 139
[D][remote.raw:041]: Received Raw: 74
[D][remote.raw:041]: Received Raw: 76
[D][remote.raw:041]: Received Raw: 79
[D][remote.raw:041]: Received Raw: 73
[D][remote.raw:041]: Received Raw: 111
[D][remote.raw:041]: Received Raw: 73
[D][remote.raw:041]: Received Raw: 83
[D][remote.raw:041]: Received Raw: 73
[D][remote.raw:041]: Received Raw: 110
[D][remote.raw:041]: Received Raw: 191
[D][remote.raw:041]: Received Raw: 73, -18911, 113
[D][remote.raw:041]: Received Raw: 64
[D][remote.raw:041]: Received Raw: 76
[D][remote.raw:041]: Received Raw: 78
[D][remote.raw:041]: Received Raw: 76
[D][remote.raw:041]: Received Raw: 79
[D][remote.raw:041]: Received Raw: 75
[D][remote.raw:041]: Received Raw: 137
[D][remote.raw:041]: Received Raw: 77
[D][remote.raw:041]: Received Raw: 166
[D][remote.raw:041]: Received Raw: 78
[D][remote.raw:041]: Received Raw: 73
[D][remote.raw:041]: Received Raw: 73
[D][remote.raw:041]: Received Raw: 73
[D][remote.raw:041]: Received Raw: 69
[D][remote.raw:041]: Received Raw: 59
[D][remote.raw:041]: Received Raw: 75
[D][remote.raw:041]: Received Raw: 116
[D][remote.raw:041]: Received Raw: 116
[D][remote.raw:041]: Received Raw: 72
[D][remote.raw:041]: Received Raw: 61
[D][remote.raw:041]: Received Raw: 71
[D][remote.raw:041]: Received Raw: 167
[D][remote.raw:041]: Received Raw: 75
[D][remote.raw:041]: Received Raw: 74
[D][remote.raw:041]: Received Raw: 72
[D][remote.raw:041]: Received Raw: 64
[D][remote.raw:041]: Received Raw: 78
[D][remote.raw:041]: Received Raw: 112
[D][remote.raw:041]: Received Raw: 74
[D][remote.raw:041]: Received Raw: 140
[D][remote.raw:041]: Received Raw: 76
[D][remote.raw:041]: Received Raw: 117
[D][remote.raw:041]: Received Raw: 75
[D][remote.raw:041]: Received Raw: 71
[D][remote.raw:041]: Received Raw: 76
[D][remote.raw:041]: Received Raw: 72
[D][remote.raw:041]: Received Raw: 74
[D][remote.raw:041]: Received Raw: 136
[D][remote.raw:041]: Received Raw: 114
[D][remote.raw:041]: Received Raw: 137
[D][remote.raw:041]: Received Raw: 75
[D][remote.raw:041]: Received Raw: 65
[D][remote.raw:041]: Received Raw: 113
[D][remote.raw:041]: Received Raw: 76
[D][remote.raw:041]: Received Raw: 78
[D][remote.raw:041]: Received Raw: 147
[D][remote.raw:041]: Received Raw: 81
[D][remote.raw:041]: Received Raw: 78
[D][remote.raw:041]: Received Raw: 74
[D][remote.raw:041]: Received Raw: 73
[D][remote.raw:041]: Received Raw: 73
[D][remote.raw:041]: Received Raw: 76
[D][remote.raw:041]: Received Raw: 114
[D][remote.raw:041]: Received Raw: 74
[D][remote.raw:041]: Received Raw: 73
[D][remote.raw:041]: Received Raw: 59
[D][remote.raw:041]: Received Raw: 138
[D][remote.raw:041]: Received Raw: 117, -3545, 108
[D][remote.raw:041]: Received Raw: 190
[D][remote.raw:041]: Received Raw: 97
[D][remote.raw:041]: Received Raw: 169
[D][remote.raw:041]: Received Raw: 79
[D][remote.raw:041]: Received Raw: 76
[D][remote.raw:041]: Received Raw: 77
[D][remote.raw:041]: Received Raw: 74
[D][remote.raw:041]: Received Raw: 66
[D][remote.raw:041]: Received Raw: 112
[D][remote.raw:041]: Received Raw: 72
[D][remote.raw:041]: Received Raw: 164
[D][remote.raw:041]: Received Raw: 70
[D][remote.raw:041]: Received Raw: 72
[D][remote.raw:041]: Received Raw: 74
[D][remote.raw:041]: Received Raw: 75
[D][remote.raw:041]: Received Raw: 78
[D][remote.raw:041]: Received Raw: 77
[D][remote.raw:041]: Received Raw: 76
[D][remote.raw:041]: Received Raw: 94
[D][remote.raw:041]: Received Raw: 72
[D][remote.raw:041]: Received Raw: 164
[D][remote.raw:041]: Received Raw: 112
[D][remote.raw:041]: Received Raw: 71
[D][remote.raw:041]: Received Raw: 73, -221, 247
[D][remote.raw:041]: Received Raw: 54
[D][remote.raw:041]: Received Raw: 75
[D][remote.raw:028]: Received Raw: 1270, -436, 1192, -491, 448, -1238, 449, -1239, 423, -1267, 423, -1265, 448, -1239, 447, -1243, 448, -1239, 447, -1243, 443, -1244, 448, -7411, 1281, -421, 1193, -490, 447, -1239, 448, -1243, 446, -1243, 1192, -492, 1193, -493, 1191, -493,
[D][remote.raw:028]:   1192, -495, 1190, -493, 1192, -491, 1196, -6650, 1255, -420, 1192, -491, 419, -1267, 446, -1243, 453, -1234, 451, -1236, 449, -1241, 422, -1264, 455, -1235, 1239, -444, 419, -1269, 449, -7402, 1255, -422, 1190, -490, 420, -1268, 451, -1237, 453, -1235,
[D][remote.raw:028]:   448, -1238, 450, -1241, 451, -1236, 449, -1240, 1240, -443, 445, -1243, 450, -7399, 1257, -419, 1192, -490, 447, -1238, 452, -1238, 450, -1236, 451, -1236, 445, -1244, 451, -1236, 447, -1242, 1241, -442, 449, -1240, 455, -7392, 1259, -418, 1191, -492,
[D][remote.raw:028]:   445, -1240, 451, -1238, 449, -1238, 455, -1230, 451, -1241, 448, -1237, 449, -1240, 1242, -440, 450, -1241, 451, -7399, 1282, -392, 1192, -492, 448, -1237, 452, -1240, 449, -1235, 453, -1235, 452, -1237, 452, -1235, 475, -1216, 1240, -441, 446, -1243,
[D][remote.raw:028]:   452, -7398, 1284, -392, 1245, -437, 450, -1236, 455, -1235, 455, -1232, 452, -1234, 452, -1238, 454, -1233, 478, -1211, 1242, -441, 453, -1236, 452, -7399, 1285, -391, 1244, -438, 448, -1238, 480, -1207, 453, -1237, 453, -1233, 454, -1233, 454, -1235,
[D][remote.raw:041]:   453, -1236, 1244, -439, 449, -1237, 453
[D][remote.raw:041]: Received Raw: 186
[D][remote.raw:041]: Received Raw: 77
[D][remote.raw:041]: Received Raw: 162
[D][remote.raw:028]: Received Raw: 1281, -430, 1241, -442, 421, -1270, 445, -1241, 422, -1264, 447, -1243, 448, -1238, 421, -1267, 447, -1242, 479, -1208, 446, -1241, 446, -7413, 1280, -421, 1192, -490, 444, -1243, 445, -1242, 421, -1270, 1192, -493, 1192, -493, 1191, -492,
[D][remote.raw:028]:   1193, -493, 1191, -491, 1193, -494, 1193, -6650, 1256, -420, 1192, -490, 445, -1241, 447, -1240, 449, -1241, 447, -1240, 447, -1239, 448, -1241, 449, -1239, 1215, -467, 447, -1242, 446, -7405, 1256, -420, 1191, -490, 446, -1240, 449, -1238, 449, -1241,
[D][remote.raw:028]:   450, -1236, 503, -1184, 424, -1266, 447, -1242, 1192, -490, 445, -1246, 472, -7375, 1255, -420, 1191, -490, 448, -1239, 450, -1236, 452, -1241, 444, -1238, 452, -1234, 447, -1243, 448, -1241, 1192, -491, 448, -1239, 448, -7404, 1282, -394, 1192, -490,
[D][remote.raw:028]:   447, -1240, 478, -1208, 452, -1237, 450, -1240, 447, -1236, 451, -1239, 446, -1243, 1192, -491, 446, -1240, 450, -7402, 1257, -419, 1191, -492, 447, -1239, 478, -1208, 480, -1209, 456, -1230, 450, -1237, 450, -1240, 451, -1237, 1193, -490, 450, -1236,
[D][remote.raw:041]:   451, -7402, 1283, -388, 1241, -442, 447, -1241, 450, -1237, 452, -1234, 453, -1237, 478, -1208, 451, -1236, 449, -1243, 1191, -491, 448, -1238, 451
[D][remote.raw:041]: Received Raw: 74, -19917, 79
[D][remote.raw:041]: Received Raw: 73
[D][remote.raw:041]: Received Raw: 71
[D][remote.raw:028]: Received Raw: 1260, -414, 1241, -443, 446, -1243, 450, -1238, 447, -1241, 447, -1242, 421, -1267, 451, -1236, 447, -1242, 448, -1239, 423, -1265, 450, -7410, 1279, -422, 1196, -488, 418, -1267, 447, -1241, 448, -1244, 1193, -492, 1193, -493, 1191, -493,
[D][remote.raw:028]:   1192, -492, 1192, -492, 1193, -492, 1193, -6654, 1254, -421, 1192, -490, 421, -1265, 447, -1241, 446, -1242, 453, -1234, 449, -1238, 421, -1268, 449, -1241, 1192, -490, 448, -1240, 445, -7410, 1253, -422, 1192, -491, 444, -1241, 452, -1235, 448, -1242,
[D][remote.raw:028]:   447, -1240, 446, -1241, 448, -1243, 447, -1240, 1245, -438, 446, -1240, 447, -7406, 1255, -420, 1193, -489, 448, -1237, 449, -1238, 446, -1244, 446, -1241, 446, -1240, 448, -1241, 423, -1267, 1192, -489, 420, -1266, 450, -7405, 1277, -396, 1191, -490,
[D][remote.raw:028]:   448, -1238, 421, -1265, 450, -1240, 447, -1239, 448, -1240, 448, -1241, 448, -1240, 1192, -490, 447, -1240, 447, -7405, 1256, -419, 1192, -490, 444, -1242, 449, -1237, 450, -1240, 447, -1240, 451, -1235, 476, -1217, 446, -1239, 1192, -490, 451, -1235,
[D][remote.raw:028]:   453, -7399, 1256, -420, 1192, -491, 448, -1237, 450, -1237, 454, -1235, 448, -1238, 452, -1235, 451, -1242, 449, -1236, 1193, -490, 451, -1235, 474, -7380, 1255, -417, 1241, -441, 446, -1243, 449, -1238, 452, -1234, 454, -1236, 452, -1234, 456, -1230,
[D][remote.raw:041]:   451, -1244, 1241, -439, 451, -1235, 453
[D][remote.raw:041]: Received Raw: 163, -7130, 77
[D][remote.raw:041]: Received Raw: 75
[D][remote.raw:041]: Received Raw: 71
[D][remote.raw:028]: Received Raw: 1256, -418, 1240, -442, 421, -1269, 421, -1267, 446, -1240, 421, -1269, 449, -1240, 448, -1238, 421, -1269, 450, -1238, 449, -1239, 421, -7439, 1279, -424, 1192, -490, 446, -1240, 423, -1265, 421, -1270, 1193, -492, 1193, -493, 1192, -492,
[D][remote.raw:028]:   1193, -491, 1193, -493, 1192, -492, 1192, -6655, 1253, -422, 1191, -492, 445, -1240, 446, -1240, 447, -1243, 448, -1238, 448, -1240, 446, -1243, 445, -1245, 1195, -487, 445, -1241, 450, -7404, 1254, -420, 1193, -490, 445, -1241, 449, -1237, 447, -1243,
[D][remote.raw:028]:   451, -1236, 452, -1233, 451, -1240, 447, -1242, 1193, -490, 448, -1238, 452, -7406, 1249, -421, 1193, -490, 448, -1237, 451, -1236, 449, -1241, 449, -1239, 452, -1234, 472, -1217, 450, -1239, 1193, -490, 445, -1242, 449, -7403, 1281, -394, 1192, -491,
[D][remote.raw:028]:   445, -1240, 453, -1234, 448, -1241, 450, -1236, 451, -1236, 452, -1237, 451, -1238, 1245, -438, 446, -1239, 476, -7374, 1279, -396, 1191, -491, 446, -1239, 449, -1239, 451, -1237, 452, -1234, 448, -1238, 455, -1234, 450, -1238, 1193, -490, 449, -1236,
[D][remote.raw:041]:   453, -7398, 1282, -390, 1240, -442, 449, -1238, 455, -1232, 453, -1234, 481, -1208, 450, -1236, 450, -1236, 449, -1242, 1192, -489, 452, -1235, 476
[D][remote.raw:041]: Received Raw: 72
[D][remote.raw:041]: Received Raw: 75
[D][remote.raw:028]: Received Raw: 1241, -448, 1236, -443, 447, -1243, 448, -1239, 449, -1239, 449, -1241, 446, -1242, 447, -1238, 449, -1241, 447, -1240, 448, -1238, 453, -7408, 1279, -423, 1192, -491, 447, -1239, 422, -1265, 449, -1243, 1194, -492, 1193, -492, 1193, -493,
[D][remote.raw:028]:   1191, -492, 1193, -493, 1192, -491, 1194, -6656, 1253, -422, 1191, -491, 448, -1238, 450, -1236, 449, -1242, 451, -1235, 448, -1240, 447, -1243, 422, -1266, 1193, -490, 420, -1266, 449, -7403, 1256, -419, 1193, -489, 445, -1242, 477, -1210, 448, -1242,
[D][remote.raw:028]:   450, -1236, 452, -1234, 475, -1215, 448, -1241, 1192, -491, 445, -1241, 472, -7381, 1281, -394, 1193, -489, 447, -1241, 449, -1237, 450, -1241, 475, -1211, 449, -1238, 451, -1239, 477, -1211, 1193, -491, 448, -1238, 449, -7403, 1258, -419, 1192, -491,
[D][remote.raw:028]:   447, -1238, 450, -1238, 447, -1242, 452, -1235, 477, -1212, 445, -1242, 452, -1237, 1193, -490, 454, -1233, 448, -7405, 1281, -393, 1192, -491, 421, -1265, 452, -1235, 475, -1214, 449, -1239, 450, -1236, 449, -1241, 451, -1237, 1245, -438, 448, -1238,
[D][remote.raw:028]:   451, -7404, 1279, -395, 1244, -437, 480, -1207, 451, -1235, 451, -1239, 480, -1207, 479, -1206, 454, -1236, 479, -1209, 1246, -438, 448, -1237, 480, -7372, 1282, -390, 1242, -441, 450, -1242, 447, -1236, 452, -1235, 451, -1238, 454, -1233, 451, -1234,
[D][remote.raw:041]:   452, -1240, 1244, -438, 450, -1237, 457
[D][remote.raw:041]: Received Raw: 113
[D][remote.raw:041]: Received Raw: 71
[D][remote.raw:041]: Received Raw: 71
[D][remote.raw:041]: Received Raw: 163
[D][remote.raw:028]: Received Raw: 1255, -416, 1241, -443, 419, -1269, 447, -1241, 475, -1212, 445, -1245, 447, -1239, 422, -1265, 421, -1269, 447, -1242, 445, -1240, 423, -7438, 1278, -423, 1193, -490, 446, -1240, 422, -1266, 420, -1270, 1194, -494, 1190, -493, 1192, -492,
[D][remote.raw:028]:   1244, -441, 1192, -493, 1192, -492, 1193, -6653, 1255, -421, 1195, -487, 446, -1241, 448, -1243, 445, -1240, 478, -1209, 449, -1237, 451, -1241, 475, -1215, 1191, -489, 421, -1268, 476, -7377, 1254, -422, 1195, -487, 446, -1240, 451, -1237, 446, -1244,
[D][remote.raw:028]:   448, -1239, 451, -1236, 449, -1241, 448, -1245, 1242, -438, 447, -1239, 454, -7399, 1281, -395, 1192, -491, 444, -1242, 448, -1238, 453, -1237, 450, -1237, 449, -1238, 446, -1245, 448, -1238, 1193, -490, 451, -1235, 456, -7399, 1281, -395, 1191, -490,
[D][remote.raw:028]:   448, -1238, 450, -1237, 449, -1240, 449, -1237, 450, -1237, 449, -1241, 475, -1213, 1194, -489, 457, -1229, 451, -7401, 1283, -392, 1192, -490, 448, -1239, 453, -1233, 453, -1236, 454, -1233, 451, -1236, 451, -1238, 453, -1236, 1193, -490, 449, -1238,
[D][remote.raw:041]:   449, -7405, 1284, -389, 1240, -441, 447, -1243, 475, -1212, 451, -1235, 454, -1236, 453, -1234, 479, -1207, 476, -1216, 1244, -439, 450, -1236, 454
[D][remote.raw:041]: Received Raw: 139
[D][remote.raw:041]: Received Raw: 123
[D][remote.raw:041]: Received Raw: 75
[D][remote.raw:028]: Received Raw: 1255, -418, 1240, -441, 428, -1263, 446, -1240, 448, -1239, 450, -1240, 449, -1238, 422, -1266, 450, -1240, 449, -1237, 452, -1235, 448, -7411, 1281, -422, 1192, -491, 445, -1241, 447, -1239, 423, -1270, 1192, -494, 1245, -439, 1192, -492,
[D][remote.raw:028]:   1193, -492, 1193, -492, 1192, -493, 1192, -6654, 1255, -419, 1193, -491, 445, -1240, 452, -1235, 449, -1241, 453, -1235, 448, -1239, 447, -1243, 504, -1184, 1193, -490, 419, -1268, 450, -7406, 1277, -396, 1246, -438, 445, -1241, 449, -1238, 448, -1243,
[D][remote.raw:028]:   445, -1242, 450, -1236, 453, -1237, 448, -1242, 1192, -491, 445, -1241, 449, -7405, 1264, -410, 1192, -490, 449, -1237, 449, -1238, 449, -1241, 448, -1238, 450, -1236, 482, -1208, 449, -1239, 1193, -490, 448, -1238, 449, -7403, 1282, -393, 1191, -490,
[D][remote.raw:028]:   450, -1237, 448, -1238, 450, -1240, 450, -1236, 451, -1236, 447, -1243, 449, -1240, 1192, -490, 448, -1238, 476, -7378, 1279, -395, 1245, -437, 448, -1238, 450, -1236, 452, -1238, 451, -1236, 449, -1237, 448, -1242, 451, -1238, 1191, -491, 450, -1236,
[D][remote.raw:041]:   452, -7400, 1256, -418, 1242, -442, 452, -1235, 450, -1236, 452, -1234, 450, -1240, 450, -1239, 448, -1235, 476, -1216, 1192, -490, 451, -1235, 451
[D][remote.raw:041]: Received Raw: 76
[D][remote.raw:028]: Received Raw: 1257, -416, 1239, -446, 443, -1244, 453, -1233, 446, -1241, 450, -1241, 424, -1261, 449, -1239, 448, -1242, 450, -1237, 423, -1263, 450, -7411, 1285, -416, 1193, -490, 446, -1241, 449, -1237, 448, -1244, 1193, -493, 1192, -492, 1193, -491,
[D][remote.raw:028]:   1193, -493, 1192, -493, 1195, -489, 1192, -6652, 1256, -419, 1193, -490, 443, -1243, 446, -1244, 418, -1268, 450, -1237, 448, -1238, 445, -1245, 446, -1246, 1189, -491, 445, -1241, 448, -7405, 1283, -394, 1191, -491, 421, -1264, 453, -1235, 473, -1216,
[D][remote.raw:028]:   449, -1238, 449, -1237, 448, -1242, 450, -1238, 1193, -489, 448, -1239, 448, -7404, 1282, -394, 1192, -490, 450, -1237, 447, -1239, 425, -1264, 451, -1236, 451, -1236, 449, -1240, 448, -1241, 1192, -490, 448, -1238, 479, -7375, 1255, -418, 1245, -437,
[D][remote.raw:028]:   449, -1238, 452, -1235, 452, -1237, 448, -1242, 446, -1236, 450, -1240, 450, -1238, 1193, -490, 447, -1240, 449, -7403, 1284, -391, 1193, -490, 448, -1238, 452, -1235, 450, -1239, 449, -1239, 452, -1235, 450, -1240, 451, -1237, 1192, -490, 451, -1236,
[D][remote.raw:028]:   451, -7401, 1283, -393, 1245, -442, 446, -1236, 454, -1233, 452, -1237, 455, -1233, 477, -1209, 451, -1239, 452, -1236, 1192, -491, 448, -1238, 450, -7405, 1278, -391, 1240, -442, 450, -1243, 451, -1232, 452, -1233, 455, -1236, 451, -1236, 455, -1234,
[D][remote.raw:041]:   448, -1240, 1245, -439, 453, -1232, 457
[D][remote.raw:041]: Received Raw: 75
[D][remote.raw:041]: Received Raw: 75
[D][remote.raw:041]: Received Raw: 72
[D][remote.raw:041]: Received Raw: 81
[D][remote.raw:028]: Received Raw: 1256, -418, 1240, -442, 424, -1265, 449, -1240, 451, -1236, 447, -1244, 447, -1240, 422, -1266, 444, -1244, 447, -1240, 451, -1237, 449, -7411, 1280, -423, 1193, -490, 420, -1267, 447, -1240, 451, -1242, 1192, -493, 1247, -438, 1192, -493,
[D][remote.raw:028]:   1192, -492, 1193, -492, 1193, -492, 1193, -6655, 1258, -417, 1192, -492, 443, -1243, 452, -1235, 450, -1240, 475, -1212, 447, -1239, 452, -1238, 449, -1241, 1192, -490, 447, -1240, 449, -7405, 1255, -419, 1193, -490, 448, -1164, 524, -1239, 448, -1239,
[D][remote.raw:028]:   453, -1235, 450, -1237, 449, -1240, 450, -1240, 1192, -491, 476, -1211, 448, -7404, 1283, -392, 1193, -490, 450, -1237, 453, -1233, 448, -1241, 453, -1234, 451, -1237, 451, -1240, 473, -1214, 1192, -490, 451, -1237, 450, -7404, 1252, -421, 1192, -490,
[D][remote.raw:028]:   446, -1240, 450, -1237, 455, -1235, 449, -1237, 421, -1268, 450, -1238, 450, -1239, 1193, -490, 451, -1235, 449, -7404, 1283, -393, 1192, -490, 452, -1234, 453, -1235, 450, -1239, 452, -1234, 450, -1237, 476, -1214, 476, -1211, 1196, -488, 450, -1236,
[D][remote.raw:028]:   477, -7376, 1282, -394, 1244, -438, 449, -1238, 448, -1238, 475, -1215, 453, -1233, 452, -1234, 451, -1239, 452, -1237, 1245, -438, 448, -1239, 453, -7401, 1283, -389, 1241, -441, 451, -1238, 453, -1233, 452, -1236, 451, -1237, 453, -1234, 454, -1233,
[D][remote.raw:041]:   455, -1237, 1245, -439, 450, -1235, 453
[D][remote.raw:041]: Received Raw: 114
[D][remote.raw:041]: Received Raw: 77
[D][remote.raw:041]: Received Raw: 77
[D][remote.raw:028]: Received Raw: 1257, -416, 1241, -443, 420, -1270, 420, -1266, 447, -1240, 449, -1242, 422, -1266, 450, -1240, 445, -1241, 450, -1236, 450, -1238, 421, -7439, 1282, -421, 1192, -491, 447, -1239, 447, -1239, 450, -1243, 1194, -491, 1192, -492, 1193, -492,
[D][remote.raw:028]:   1193, -491, 1193, -492, 1193, -491, 1193, -6652, 1253, -422, 1192, -490, 446, -1240, 477, -1211, 449, -1241, 472, -1218, 446, -1236, 445, -1245, 449, -1240, 1193, -491, 420, -1266, 448, -7404, 1256, -420, 1192, -489, 449, -1240, 451, -1235, 447, -1242,
[D][remote.raw:028]:   449, -1238, 451, -1236, 447, -1242, 451, -1238, 1192, -491, 451, -1236, 447, -7404, 1284, -392, 1192, -491, 419, -1266, 448, -1241, 449, -1239, 452, -1235, 452, -1235, 450, -1238, 449, -1240, 1193, -489, 449, -1238, 451, -7403, 1263, -412, 1192, -491,
[D][remote.raw:028]:   446, -1240, 449, -1238, 448, -1242, 421, -1264, 449, -1236, 452, -1238, 453, -1236, 1245, -439, 447, -1238, 418, -7433, 1257, -419, 1246, -437, 448, -1238, 448, -1238, 477, -1212, 450, -1237, 449, -1238, 476, -1213, 477, -1212, 1192, -491, 447, -1239,
[D][remote.raw:028]:   452, -7399, 1282, -394, 1248, -434, 451, -1236, 449, -1238, 454, -1236, 450, -1237, 448, -1238, 452, -1237, 452, -1237, 1196, -490, 449, -1233, 455, -7402, 1281, -388, 1240, -442, 473, -1216, 478, -1208, 478, -1208, 451, -1238, 424, -1263, 451, -1236,
[D][remote.raw:041]:   453, -1238, 1245, -438, 452, -1234, 452
[D][remote.raw:041]: Received Raw: 73
[D][remote.raw:041]: Received Raw: 76
[D][remote.raw:028]: Received Raw: 1256, -421, 1236, -442, 447, -1243, 423, -1264, 450, -1237, 450, -1239, 481, -1207, 449, -1238, 447, -1244, 450, -1237, 451, -1236, 448, -7413, 1282, -421, 1193, -491, 447, -1240, 447, -1240, 452, -1240, 1245, -440, 1193, -491, 1194, -493,
[D][remote.raw:028]:   1193, -492, 1193, -493, 1191, -493, 1246, -6602, 1281, -393, 1247, -436, 423, -1264, 449, -1237, 452, -1237, 505, -1182, 449, -1238, 451, -1240, 451, -1237, 1192, -491, 448, -1238, 448, -7404, 1284, -392, 1247, -435, 447, -1241, 477, -1209, 452, -1238,
[D][remote.raw:028]:   478, -1209, 449, -1237, 452, -1239, 448, -1241, 1247, -435, 448, -1239, 450, -7404, 1282, -394, 1191, -492, 450, -1235, 451, -1235, 455, -1236, 477, -1209, 453, -1235, 452, -1237, 451, -1242, 1241, -438, 450, -1236, 450, -7404, 1288, -389, 1246, -437,
[D][remote.raw:028]:   451, -1235, 452, -1235, 454, -1236, 452, -1235, 455, -1232, 453, -1239, 481, -1206, 1193, -490, 449, -1237, 455, -7400, 1288, -388, 1245, -438, 451, -1235, 451, -1236, 450, -1239, 456, -1232, 452, -1235, 478, -1212, 479, -1211, 1245, -437, 455, -1232,
[D][remote.raw:028]:   457, -7397, 1283, -390, 1241, -441, 447, -1242, 453, -1234, 453, -1234, 453, -1238, 452, -1234, 480, -1207, 481, -1210, 1249, -436, 448, -1238, 453, -7397, 1254, -422, 1242, -441, 451, -1238, 454, -1233, 455, -1232, 453, -1237, 453, -1234, 457, -1231,
[D][remote.raw:041]:   453, -1238, 1246, -438, 450, -1237, 453
[D][remote.raw:041]: Received Raw: 76
[D][remote.raw:041]: Received Raw: 63
[D][remote.raw:041]: Received Raw: 70
[D][remote.raw:041]: Received Raw: 78
[D][remote.raw:028]: Received Raw: 1283, -415, 1194, -490, 446, -1241, 452, -1239, 448, -1240, 445, -1241, 447, -1244, 449, -1238, 452, -1241, 444, -1241, 449, -1240, 449, -7408, 1272, -430, 1242, -442, 419, -1271, 450, -1237, 451, -1240, 1240, -444, 1242, -444, 1241, -444,
[D][remote.raw:028]:   1240, -445, 1240, -444, 1242, -444, 1240, -4253, 74, -2280, 1251, -425, 1240, -442, 446, -1243, 449, -1239, 424, -1263, 478, -1212, 449, -1238, 449, -1242, 453, -1236, 1193, -490, 448, -1239, 452, -7399, 1254, -423, 1240, -443, 448, -1240, 450, -1237,
[D][remote.raw:028]:   451, -1237, 447, -1243, 451, -1236, 454, -1233, 476, -1217, 1191, -492, 422, -1264, 452, -7403, 1247, -424, 1245, -437, 448, -1243, 422, -1264, 451, -1236, 448, -1242, 450, -1237, 450, -1240, 450, -1239, 1245, -438, 449, -1237, 451, -7403, 1250, -423,
[D][remote.raw:028]:   1241, -442, 448, -1241, 450, -1237, 451, -1236, 449, -1241, 450, -1237, 477, -1210, 456, -1237, 1244, -439, 449, -1237, 451, -7399, 1254, -423, 1241, -442, 474, -1216, 453, -1234, 451, -1235, 452, -1238, 452, -1235, 479, -1208, 450, -1242, 1193, -490,
[D][remote.raw:028]:   448, -1239, 452, -7400, 1252, -422, 1243, -440, 450, -1240, 452, -1234, 450, -1237, 451, -1239, 453, -1234, 453, -1234, 455, -1237, 1245, -438, 451, -1235, 452, -7400, 1286, -394, 1187, -491, 453, -1234, 452, -1237, 452, -1235, 450, -1237, 479, -1210,
[D][remote.raw:041]:   481, -1206, 452, -1238, 1241, -441, 446, -1243, 454
[D][remote.raw:041]: Received Raw: 77
[D][remote.raw:041]: Received Raw: 76
[D][remote.raw:041]: Received Raw: 77
[D][remote.raw:041]: Received Raw: 139
[D][remote.raw:028]: Received Raw: 1272, -436, 1192, -491, 444, -1243, 448, -1238, 443, -1247, 431, -1256, 423, -1265, 449, -1242, 445, -1239, 448, -1240, 448, -1241, 421, -7436, 1282, -421, 1192, -489, 422, -1266, 445, -1244, 450, -1240, 1192, -493, 1193, -492, 1193, -493,
[D][remote.raw:028]:   1191, -492, 1193, -494, 1191, -493, 1192, -6654, 1255, -421, 1193, -490, 445, -1242, 448, -1242, 421, -1266, 422, -1264, 449, -1242, 448, -1239, 449, -1239, 1242, -441, 446, -1245, 420, -7430, 1281, -395, 1192, -490, 447, -1240, 449, -1241, 450, -1237,
[D][remote.raw:028]:   451, -1239, 444, -1242, 426, -1260, 447, -1243, 1241, -442, 449, -1243, 447, -7399, 1255, -419, 1194, -490, 448, -1239, 449, -1239, 453, -1235, 455, -1231, 447, -1247, 444, -1239, 453, -1236, 1242, -442, 445, -1245, 449, -7399, 1256, -420, 1192, -490,
[D][remote.raw:028]:   421, -1269, 447, -1239, 449, -1238, 451, -1236, 450, -1240, 450, -1235, 477, -1213, 1240, -443, 448, -1241, 450, -7321, 1335, -419, 1196, -487, 449, -1237, 452, -1237, 450, -1236, 450, -1235, 454, -1236, 449, -1237, 452, -1238, 1240, -442, 449, -1239,
[D][remote.raw:028]:   453, -7397, 1258, -417, 1245, -438, 448, -1238, 452, -1234, 451, -1238, 454, -1232, 454, -1234, 478, -1211, 453, -1237, 1191, -492, 449, -1236, 450, -7404, 1285, -390, 1243, -439, 449, -1237, 457, -1229, 453, -1241, 446, -1237, 451, -1236, 454, -1236,
[D][remote.raw:041]:   451, -1238, 1245, -437, 448, -1239, 451
[D][remote.raw:041]: Received Raw: 110
[D][remote.raw:041]: Received Raw: 86
[D][remote.raw:028]: Received Raw: 1283, -414, 1240, -443, 445, -1246, 420, -1266, 450, -1238, 449, -1242, 448, -1240, 444, -1241, 450, -1241, 447, -1241, 450, -1236, 447, -7415, 1278, -423, 1192, -492, 444, -1241, 448, -1239, 447, -1246, 1192, -493, 1193, -492, 1192, -494,
[D][remote.raw:028]:   1192, -491, 1193, -493, 1192, -492, 1194, -6652, 1254, -421, 1193, -491, 449, -1237, 449, -1241, 448, -1238, 422, -1265, 449, -1238, 453, -1237, 447, -1242, 1192, -491, 421, -1265, 448, -7403, 1255, -421, 1245, -439, 419, -1266, 452, -1235, 449, -1241,
[D][remote.raw:028]:   449, -1237, 450, -1236, 448, -1245, 445, -1241, 1193, -490, 420, -1270, 448, -7403, 1279, -394, 1195, -487, 419, -1267, 452, -1235, 450, -1238, 450, -1238, 450, -1237, 449, -1240, 448, -1241, 1192, -491, 434, -1252, 449, -7402, 1255, -420, 1192, -491,
[D][remote.raw:028]:   445, -1240, 447, -1239, 451, -1239, 452, -1235, 456, -1231, 449, -1240, 448, -1241, 1193, -489, 447, -1240, 450, -7404, 1254, -425, 1242, -436, 446, -1241, 451, -1235, 451, -1239, 475, -1212, 452, -1235, 475, -1214, 452, -1237, 1246, -437, 450, -1237,
[D][remote.raw:028]:   453, -7398, 1283, -390, 1241, -441, 448, -1242, 446, -1241, 451, -1235, 449, -1241, 477, -1210, 451, -1237, 451, -1241, 1250, -432, 452, -1234, 452, -7399, 1252, -423, 1241, -443, 446, -1242, 477, -1210, 452, -1235, 451, -1238, 452, -1235, 456, -1230,
[D][remote.raw:041]:   452, -1243, 1191, -490, 423, -1264, 449
[D][remote.raw:041]: Received Raw: 72
[D][remote.raw:041]: Received Raw: 129
[D][remote.raw:041]: Received Raw: 77
[D][remote.raw:028]: Received Raw: 1280, -421, 1193, -491, 448, -1238, 449, -1241, 449, -1237, 448, -1240, 448, -1241, 449, -1238, 422, -1266, 447, -1241, 448, -1240, 421, -7433, 1273, -431, 1241, -443, 446, -1245, 442, -1243, 452, -1236, 1241, -447, 1237, -445, 1241, -443,
[D][remote.raw:028]:   1241, -444, 1241, -444, 1240, -444, 1242, -6602, 1252, -426, 1239, -441, 451, -1239, 476, -1211, 453, -1233, 449, -1241, 448, -1239, 448, -1238, 452, -1240, 1192, -493, 446, -1238, 451, -7398, 1252, -425, 1241, -441, 450, -1240, 448, -1239, 454, -1233,
[D][remote.raw:028]:   451, -1241, 446, -1239, 450, -1236, 451, -1241, 1192, -491, 448, -1238, 447, -7402, 1253, -422, 1242, -442, 450, -1239, 447, -1240, 449, -1237, 453, -1239, 452, -1234, 449, -1238, 448, -1243, 1193, -491, 450, -1236, 449, -7399, 1252, -424, 1242, -440,
[D][remote.raw:028]:   448, -1242, 453, -1235, 451, -1238, 446, -1241, 477, -1210, 452, -1235, 445, -1246, 1246, -441, 447, -1236, 449, -7400, 1251, -424, 1243, -440, 450, -1243, 475, -1209, 450, -1236, 453, -1238, 476, -1211, 454, -1233, 477, -1214, 1246, -436, 450, -1237,
[D][remote.raw:028]:   452, -7399, 1252, -423, 1240, -442, 474, -1216, 451, -1235, 451, -1235, 457, -1235, 452, -1234, 452, -1234, 459, -1234, 1245, -438, 451, -1235, 480, -7371, 1284, -392, 1245, -438, 449, -1238, 452, -1204, 485, -1235, 452, -1235, 456, -1234, 455, -1234,
[D][remote.raw:041]:   481, -1205, 1245, -438, 451, -1239, 481
[D][remote.raw:041]: Received Raw: 76
[D][remote.raw:041]: Received Raw: 73
[D][remote.raw:041]: Received Raw: 76
[D][remote.raw:041]: Received Raw: 72
[D][remote.raw:041]: Received Raw: 73
[D][remote.raw:028]: Received Raw: 116, -3600, 1269, -439, 1189, -490, 421, -1266, 449, -1238, 449, -1241, 448, -1240, 448, -1239, 449, -1241, 450, -1237, 451, -1237, 449, -1241, 449, -7409, 1282, -421, 1193, -490, 447, -1240, 453, -1239, 448, -1240, 1194, -495, 1190, -492,
[D][remote.raw:028]:   1193, -492, 1197, -493, 1188, -493, 1194, -492, 1192, -6654, 1255, -419, 1193, -491, 447, -1238, 451, -1240, 475, -1212, 449, -1239, 421, -1268, 448, -1238, 452, -1237, 1242, -441, 449, -1241, 451, -7400, 1256, -419, 1244, -439, 450, -1240, 445, -1243,
[D][remote.raw:028]:   451, -1235, 451, -1236, 448, -1242, 425, -1261, 451, -1238, 1242, -440, 477, -1214, 450, -7400, 1257, -419, 1246, -436, 452, -1235, 452, -1237, 455, -1232, 451, -1236, 477, -1213, 450, -1236, 481, -1210, 1240, -441, 449, -1241, 451, -7402, 1256, -419,
[D][remote.raw:028]:   1192, -491, 449, -1236, 480, -1212, 448, -1237, 451, -1237, 452, -1238, 454, -1233, 455, -1234, 1242, -441, 450, -1239, 451, -7399, 1283, -394, 1245, -437, 451, -1236, 448, -1241, 452, -1234, 453, -1235, 448, -1241, 454, -1233, 453, -1236, 1242, -441,
[D][remote.raw:041]:   422, -1266, 480, -7371, 1283, -393, 1246, -437, 447, -1239, 453, -1234, 453, -1237, 455, -1231, 479, -1208, 450, -1244, 449, -1235, 1247, -436, 451, -1235, 453
[D][remote.raw:041]: Received Raw:
[D][remote.raw:041]: Received Raw:
[D][remote.raw:041]: Received Raw: 72
[D][remote.raw:028]: Received Raw: 1273, -432, 1239, -442, 447, -1242, 449, -1239, 448, -1238, 455, -1234, 449, -1239, 477, -1211, 451, -1238, 449, -1237, 447, -1240, 451, -7410, 1281, -420, 1192, -490, 449, -1237, 446, -1241, 453, -1238, 1194, -493, 1192, -494, 1190, -492,
[D][remote.raw:028]:   1194, -492, 1191, -493, 1245, -440, 1192, -6651, 1257, -418, 1247, -437, 447, -1239, 447, -1240, 449, -1240, 449, -1238, 451, -1235, 450, -1243, 447, -1238, 1194, -488, 452, -1236, 450, -7403, 1279, -396, 1192, -485, 457, -1235, 449, -1237, 452, -1238,
[D][remote.raw:028]:   450, -1237, 451, -1235, 451, -1239, 450, -1238, 1193, -490, 448, -1240, 450, -7399, 1282, -393, 1245, -438, 447, -1239, 450, -1235, 450, -1241, 447, -1239, 448, -1238, 450, -1239, 452, -1237, 1195, -488, 423, -1262, 452, -7398, 1257, -421, 1191, -490,
[D][remote.raw:028]:   451, -1236, 452, -1234, 448, -1242, 449, -1238, 455, -1231, 452, -1237, 451, -1238, 1193, -492, 448, -1236, 453, -7400, 1281, -393, 1206, -478, 448, -1237, 454, -1233, 451, -1239, 452, -1234, 451, -1237, 450, -1238, 454, -1235, 1244, -439, 449, -1236,
[D][remote.raw:028]:   452, -7401, 1280, -394, 1247, -436, 449, -1237, 454, -1232, 477, -1213, 455, -1232, 475, -1211, 451, -1238, 451, -1237, 1249, -434, 474, -1213, 454, -7399, 1283, -389, 1241, -443, 448, -1239, 453, -1235, 478, -1208, 455, -1235, 478, -1207, 453, -1234,
[D][remote.raw:041]:   451, -1241, 1244, -438, 449, -1237, 453
[D][remote.raw:041]: Received Raw: 74
[D][remote.raw:041]: Received Raw: 51
[D][remote.raw:041]: Received Raw: 76
[D][remote.raw:041]: Received Raw: 73
[D][remote.raw:028]: Received Raw: 1256, -417, 1242, -441, 449, -1242, 451, -1236, 447, -1240, 450, -1240, 422, -1267, 451, -1235, 445, -1244, 451, -1238, 446, -1241, 476, -7384, 1310, -393, 1247, -435, 449, -1239, 447, -1240, 451, -1241, 1192, -493, 1246, -439, 1192, -492,
[D][remote.raw:028]:   1247, -439, 1192, -492, 1192, -493, 1245, -6602, 1280, -394, 1192, -491, 445, -1242, 447, -1238, 448, -1243, 424, -1262, 450, -1236, 452, -1240, 450, -1238, 1246, -437, 446, -1241, 450, -7403, 1255, -420, 1246, -438, 448, -1238, 451, -1235, 474, -1216,
[D][remote.raw:028]:   479, -1207, 450, -1237, 453, -1236, 450, -1239, 1248, -436, 446, -1240, 422, -7429, 1282, -395, 1245, -437, 449, -1237, 449, -1238, 446, -1243, 453, -1234, 448, -1239, 453, -1236, 447, -1241, 1245, -439, 448, -1238, 476, -7376, 1285, -391, 1247, -435,
[D][remote.raw:028]:   450, -1236, 454, -1234, 477, -1212, 451, -1236, 451, -1235, 452, -1239, 452, -1236, 1246, -437, 450, -1236, 453, -7399, 1257, -419, 1246, -437, 449, -1236, 452, -1235, 454, -1236, 454, -1236, 451, -1232, 452, -1237, 451, -1238, 1246, -439, 450, -1235,
[D][remote.raw:028]:   477, -7377, 1282, -393, 1244, -439, 449, -1237, 451, -1235, 453, -1236, 482, -1205, 452, -1235, 451, -1239, 452, -1236, 1245, -439, 451, -1234, 454, -7404, 1279, -389, 1242, -441, 451, -1238, 453, -1236, 451, -1234, 453, -1237, 479, -1207, 453, -1234,
[D][remote.raw:041]:   452, -1239, 1245, -438, 453, -1233, 453
[D][remote.raw:041]: Received Raw: 112
[D][remote.raw:041]: Received Raw: 135
[D][remote.raw:028]: Received Raw: 1257, -416, 1242, -441, 449, -1240, 451, -1237, 454, -1232, 447, -1243, 449, -1239, 451, -1258, 429, -1239, 452, -1235, 449, -1238, 447, -7411, 1307, -395, 1193, -491, 449, -1237, 447, -1242, 447, -1243, 1246, -439, 1192, -493, 1193, -492,
[D][remote.raw:028]:   1193, -493, 1246, -438, 1245, -439, 1246, -6601, 1280, -394, 1246, -437, 453, -1213, 471, -1235, 454, -1237, 451, -1235, 454, -1233, 451, -1239, 448, -1242, 1192, -491, 448, -1238, 451, -7405, 1280, -392, 1246, -438, 451, -1234, 449, -1238, 452, -1238,
[D][remote.raw:028]:   478, -1208, 456, -1231, 453, -1238, 452, -1237, 1247, -436, 452, -1235, 452, -7400, 1284, -397, 1241, -439, 451, -1234, 451, -1236, 479, -1212, 451, -1234, 456, -1231, 452, -1238, 450, -1239, 1246, -439, 448, -1237, 453, -7404, 1285, -384, 1196, -491,
[D][remote.raw:028]:   451, -1235, 479, -1209, 453, -1236, 447, -1239, 479, -1209, 446, -1244, 454, -1235, 1245, -438, 453, -1233, 454, -7400, 1283, -393, 1244, -439, 451, -1235, 452, -1235, 453, -1236, 451, -1236, 451, -1236, 479, -1211, 455, -1233, 1245, -440, 452, -1235,
[D][remote.raw:041]:   452, -7401, 1283, -390, 1242, -440, 479, -1210, 480, -1207, 456, -1231, 453, -1237, 454, -1233, 454, -1233, 454, -1242, 1242, -436, 452, -1236, 453
[D][remote.raw:041]: Received Raw: 74
[D][remote.raw:041]: Received Raw: 77
[D][remote.raw:028]: Received Raw: 1283, -391, 1241, -443, 448, -1242, 451, -1236, 447, -1240, 423, -1268, 421, -1267, 449, -1238, 449, -1244, 444, -1239, 451, -1237, 452, -7409, 1281, -420, 1193, -492, 446, -1244, 443, -1240, 450, -1242, 1193, -493, 1192, -492, 1193, -492,
[D][remote.raw:028]:   1192, -493, 1193, -491, 1193, -493, 1192, -6685, 1223, -421, 1248, -434, 448, -1240, 448, -1241, 447, -1240, 422, -1264, 449, -1239, 448, -1241, 450, -1239, 1193, -491, 436, -1249, 453, -7400, 1255, -420, 1194, -491, 443, -1246, 421, -1262, 451, -1239,
[D][remote.raw:028]:   452, -1236, 447, -1239, 449, -1241, 422, -1269, 1244, -437, 447, -1239, 452, -7402, 1282, -394, 1193, -489, 450, -1237, 448, -1239, 430, -1259, 450, -1237, 451, -1236, 449, -1241, 450, -1238, 1193, -491, 451, -1235, 477, -7375, 1257, -420, 1243, -438,
[D][remote.raw:028]:   454, -1232, 451, -1236, 453, -1237, 458, -1231, 450, -1234, 479, -1211, 451, -1238, 1245, -437, 450, -1237, 450, -7402, 1282, -393, 1247, -436, 449, -1237, 452, -1236, 451, -1239, 450, -1236, 450, -1237, 452, -1237, 452, -1237, 1246, -438, 448, -1239,
[D][remote.raw:041]:   451, -7407, 1258, -410, 1242, -441, 453, -1236, 478, -1211, 448, -1237, 478, -1211, 453, -1234, 455, -1231, 451, -1241, 1245, -437, 449, -1238, 452
[D][remote.raw:041]: Received Raw: 69
[D][remote.raw:041]: Received Raw: 94
[D][remote.raw:041]: Received Raw: 71
[D][remote.raw:041]: Received Raw: 82
[D][remote.raw:041]: Received Raw: 75
[D][remote.raw:041]: Received Raw: 75
[D][remote.raw:041]: Received Raw: 69
[D][remote.raw:041]: Received Raw: 115
[D][remote.raw:041]: Received Raw: 145
[D][remote.raw:041]: Received Raw: 76
[D][remote.raw:041]: Received Raw: 71
[D][remote.raw:041]: Received Raw: 74
[D][remote.raw:041]: Received Raw: 74
[D][remote.raw:041]: Received Raw: 77
[D][remote.raw:041]: Received Raw: 74
[D][remote.raw:041]: Received Raw: 73
[D][remote.raw:041]: Received Raw: 118
[D][remote.raw:041]: Received Raw: 77
[D][remote.raw:041]: Received Raw: 77
[D][remote.raw:041]: Received Raw: 138
[D][remote.raw:041]: Received Raw: 115
[D][remote.raw:041]: Received Raw: 137
[D][remote.raw:041]: Received Raw: 65
[D][remote.raw:041]: Received Raw: 138
[D][remote.raw:041]: Received Raw: 63
[D][remote.raw:041]: Received Raw: 73, -4937, 78
[D][remote.raw:041]: Received Raw: 110
[D][remote.raw:041]: Received Raw: 117
[D][remote.raw:041]: Received Raw: 110
[D][remote.raw:041]: Received Raw: 78
[D][remote.raw:041]: Received Raw: 138
[D][remote.raw:041]: Received Raw: 140
[D][remote.raw:041]: Received Raw: 71
[D][remote.raw:041]: Received Raw: 84
[D][remote.raw:041]: Received Raw: 120
[D][remote.raw:041]: Received Raw: 114
[D][remote.raw:041]: Received Raw: 138
[D][remote.raw:041]: Received Raw: 72
[D][remote.raw:041]: Received Raw: 72
[D][remote.raw:041]: Received Raw: 71
[D][remote.raw:028]: Received Raw: 1296, -407, 1213, -470, 432, -1256, 406, -1282, 432, -1255, 437, -1251, 407, -1285, 402, -1281, 432, -1255, 435, -1254, 434, -1254, 430, -7422, 1273, -432, 1211, -471, 432, -1262, 433, -1248, 404, -1285, 1239, -445, 1237, -448, 1237, -451,
[D][remote.raw:028]:   1235, -445, 1265, -420, 1262, -423, 1237, -6606, 1273, -400, 1238, -446, 433, -1253, 437, -1252, 462, -1227, 1237, -446, 434, -1253, 440, -1248, 435, -1250, 435, -1257, 1212, -472, 1214, -6629, 1247, -430, 1211, -471, 431, -1256, 406, -1280, 408,
[D][remote.raw:028]:   -1282, 1212, -473, 433, -1253, 407, -1278, 409, -1282, 435, -1252, 1212, -473, 1211, -6633, 1245, -430, 1212, -472, 406, -1278, 403, -1289, 431, -1257, 1212, -470, 406, -1282, 405, -1284, 406, -1281, 408, -1280, 1237, -447, 1237, -6605, 1238, -440,
[D][remote.raw:028]:   1259, -421, 402, -1286, 428, -1258, 405, -1283, 1236, -448, 400, -1289, 404, -1282, 402, -1285, 429, -1263, 1210, -478, 1208, -6633, 1247, -451, 1189, -472, 399, -1286, 404, -1287, 398, -1291, 1237, -447, 404, -1283, 401, -1284, 405, -1284, 404, -1285,
[D][remote.raw:041]:   1210, -474, 1212, -6634, 1244, -431, 1212, -471, 402, -1283, 403, -1285, 403, -1288, 1212, -495, 407, -1257, 402, -1284, 404, -1284, 406, -1284, 1210, -475, 1211
[D][remote.raw:041]: Received Raw: 76
[D][remote.raw:041]: Received Raw: 70
[D][remote.raw:041]: Received Raw: 163
[D][remote.raw:028]: Received Raw: 1319, -389, 1234, -447, 504, -1183, 477, -1210, 485, -1205, 483, -1203, 483, -1207, 482, -1206, 483, -1202, 479, -1210, 448, -1242, 446, -7406, 1337, -369, 1191, -494, 473, -1213, 474, -1216, 467, -1222, 1190, -495, 1189, -494, 1191, -496,
[D][remote.raw:028]:   1190, -494, 1191, -495, 1190, -494, 1191, -6654, 1282, -394, 1213, -471, 468, -1218, 444, -1245, 438, -1250, 1192, -493, 443, -1242, 442, -1250, 466, -1219, 472, -1217, 1239, -447, 1237, -6608, 1249, -427, 1264, -420, 471, -1217, 471, -1217, 441,
[D][remote.raw:028]:   -1248, 1238, -445, 471, -1217, 450, -1241, 433, -1253, 466, -1223, 1190, -498, 1188, -6654, 1308, -368, 1190, -493, 441, -1244, 440, -1246, 445, -1251, 1186, -493, 444, -1241, 474, -1214, 443, -1187, 532, -1216, 1191, -492, 1192, -6652, 1250, -426,
[D][remote.raw:028]:   1191, -492, 439, -1248, 446, -1242, 444, -1245, 1191, -490, 442, -1246, 446, -1243, 468, -1221, 445, -1239, 1264, -422, 1263, -6584, 1276, -398, 1187, -492, 473, -1213, 443, -1247, 473, -1215, 1190, -493, 445, -1245, 443, -1241, 447, -1241, 474, -1217,
[D][remote.raw:041]:   1259, -423, 1263
[D][remote.raw:041]: Received Raw: 76
[D][remote.raw:028]: Received Raw: 1311, -366, 1263, -419, 445, -1245, 473, -1213, 477, -1210, 482, -1211, 475, -1208, 475, -1213, 474, -1213, 485, -1201, 476, -1213, 478, -7379, 1307, -397, 1190, -491, 452, -1235, 450, -1236, 444, -1248, 1193, -493, 1190, -496, 1209, -474,
[D][remote.raw:028]:   1191, -493, 1191, -498, 1186, -494, 1191, -6653, 1319, -388, 1160, -494, 438, -1245, 440, -1249, 438, -1252, 1191, -492, 441, -1244, 452, -1237, 443, -1245, 441, -1248, 1191, -494, 1213, -6632, 1255, -422, 1189, -493, 469, -1219, 462, -1224, 444,
[D][remote.raw:028]:   -1244, 1192, -492, 438, -1247, 472, -1217, 471, -1217, 466, -1222, 1238, -447, 1238, -6604, 1284, -395, 1261, -420, 435, -1258, 453, -1228, 467, -1221, 1238, -447, 442, -1245, 453, -1232, 441, -1246, 447, -1245, 1190, -495, 1190, -6653, 1287, -389,
[D][remote.raw:028]:   1191, -493, 441, -1244, 469, -1221, 445, -1244, 1189, -493, 439, -1246, 446, -1241, 470, -1218, 448, -1242, 1190, -493, 1190, -6654, 1277, -399, 1190, -493, 440, -1246, 470, -1216, 472, -1219, 1190, -493, 450, -1234, 453, -1234, 443, -1246, 475, -1214,
[D][remote.raw:041]:   1191, -494, 1191
[D][remote.raw:041]: Received Raw: 76
[D][remote.raw:041]: Received Raw: 76
[D][remote.raw:028]: Received Raw: 1340, -363, 1196, -489, 473, -1211, 509, -1183, 476, -1212, 475, -1211, 478, -1208, 477, -1213, 453, -1236, 450, -1234, 484, -1205, 452, -7403, 1340, -363, 1193, -491, 476, -1210, 479, -1209, 475, -1216, 1191, -494, 1191, -494, 1190, -494,
[D][remote.raw:028]:   1191, -493, 1191, -493, 1191, -493, 1192, -6651, 1291, -387, 1190, -493, 448, -1236, 472, -1218, 478, -1211, 1190, -491, 479, -1208, 476, -1212, 480, -1208, 476, -1212, 1265, -421, 1263, -6580, 1307, -368, 1265, -417, 481, -1209, 483, -1203, 476,
[D][remote.raw:028]:   -1214, 1265, -419, 472, -1216, 478, -1209, 480, -1207, 476, -1215, 1192, -494, 1191, -6653, 1315, -365, 1188, -491, 476, -1015, 673, -1209, 475, -1217, 1191, -494, 475, -1209, 478, -1210, 481, -1207, 452, -1237, 1193, -492, 1192, -6652, 1315, -365,
[D][remote.raw:028]:   1192, -490, 477, -1118, 541, -1237, 476, -1214, 1191, -492, 454, -1234, 475, -1213, 449, -1237, 455, -1234, 1266, -419, 1291, -6552, 1313, -364, 1189, -492, 450, -1237, 449, -1238, 478, -1211, 1191, -492, 476, -1211, 475, -1213, 479, -1206, 479, -1209,
[D][remote.raw:041]:   1266, -421, 1265
[D][remote.raw:041]: Received Raw: 71
[D][remote.raw:028]: Received Raw: 1313, -360, 1191, -492, 502, -1184, 454, -1237, 470, -1216, 451, -1235, 483, -1207, 449, -1240, 473, -1211, 476, -1214, 482, -1204, 481, -7372, 1334, -404, 1231, -418, 475, -1211, 452, -1236, 481, -1206, 1269, -417, 1268, -419, 1290, -395,
[D][remote.raw:028]:   1265, -418, 1266, -422, 1262, -418, 1267, -6573, 1289, -390, 1267, -414, 476, -1216, 475, -1208, 480, -1210, 1269, -413, 481, -1210, 444, -1241, 482, -1205, 481, -1211, 1191, -494, 1237, -6607, 1314, -364, 1189, -492, 450, -1240, 478, -1205, 481,
[D][remote.raw:028]:   -1210, 1192, -492, 452, -1234, 481, -1206, 478, -1210, 480, -1211, 1191, -494, 1192, -6652, 1319, -356, 1192, -493, 450, -1236, 449, -1239, 480, -1210, 1191, -492, 478, -1210, 452, -1237, 481, -1205, 480, -1211, 1265, -420, 1267, -6575, 1316, -363,
[D][remote.raw:028]:   1288, -393, 448, -1241, 475, -1210, 449, -1240, 1267, -416, 479, -1210, 474, -1212, 480, -1206, 473, -1218, 1191, -495, 1190, -6654, 1284, -393, 1190, -490, 470, -1219, 443, -1242, 447, -1246, 1190, -492, 477, -1210, 444, -1242, 447, -1243, 440, -1248,
[D][remote.raw:028]:   1190, -496, 1189, -6652, 1279, -399, 1190, -493, 435, -1250, 434, -1255, 440, -1247, 1192, -495, 434, -1250, 436, -1253, 434, -1251, 437, -1254, 1236, -448, 1238, -6606, 1275, -401, 1214, -469, 406, -1280, 433, -1258, 404, -1282, 1214, -469, 434,
[D][remote.raw:041]:   -1256, 431, -1256, 405, -1281, 409, -1279, 1239, -446, 1237, -6608, 1240, -434, 1217, -466, 402, -1288, 402, -1284, 403, -1285, 1237, -447, 404, -1286, 402, -1283, 433, -1253, 408, -1285, 1210, -473, 1211
[D][remote.raw:041]: Received Raw: 74
[D][remote.raw:041]: Received Raw: 74
[D][remote.raw:041]: Received Raw: 88
[D][remote.raw:041]: Received Raw: 68
[D][remote.raw:041]: Received Raw: 76
[D][remote.raw:041]: Received Raw: 77
[D][remote.raw:041]: Received Raw: 82
[D][remote.raw:028]: Received Raw: 1281, -420, 1192, -491, 470, -1221, 445, -1236, 448, -1242, 447, -1241, 447, -1240, 421, -1269, 455, -1232, 448, -1243, 416, -1269, 425, -7448, 1240, -446, 1193, -490, 419, -1268, 447, -1239, 445, -1247, 1193, -492, 1193, -492, 1193, -492,
[D][remote.raw:028]:   1192, -494, 1191, -492, 1193, -493, 1192, -6668, 1274, -415, 1195, -488, 447, -1239, 445, -1244, 421, -1266, 449, -1238, 447, -1244, 1193, -491, 447, -1239, 451, -1235, 448, -1242, 448, -7419, 1279, -410, 1240, -441, 476, -1215, 447, -1240, 452, -1234,
[D][remote.raw:028]:   447, -1243, 451, -1239, 1192, -490, 446, -1240, 449, -1242, 478, -1208, 449, -7417, 1282, -411, 1192, -492, 447, -1242, 447, -1236, 449, -1241, 451, -1235, 450, -1239, 1242, -442, 476, -1214, 450, -1236, 451, -1236, 452, -7415, 1277, -414, 1245, -437,
[D][remote.raw:028]:   477, -1209, 478, -1211, 478, -1209, 454, -1233, 453, -1238, 1246, -437, 452, -1234, 478, -1210, 481, -1208, 456, -7411, 1307, -381, 1245, -437, 450, -1239, 479, -1208, 455, -1231, 454, -1236, 454, -1234, 1245, -437, 454, -1232, 479, -1211, 455, -1231,
[D][remote.raw:028]:   456, -7409, 1313, -380, 1244, -438, 453, -1233, 454, -1232, 455, -1237, 482, -1202, 458, -1230, 1244, -440, 480, -1208, 453, -1234, 479, -1208, 481, -7370, 1315, -357, 1244, -438, 478, -1214, 454, -1229, 454, -1233, 477, -1211, 482, -1207, 1246, -437,
[D][remote.raw:041]:   456, -1230, 455, -1234, 480, -1206, 482
[D][remote.raw:041]: Received Raw: 75
[D][remote.raw:041]: Received Raw: 51
[D][remote.raw:041]: Received Raw: 71
[D][remote.raw:041]: Received Raw: 77
[D][remote.raw:041]: Received Raw: 137
[D][remote.raw:041]: Received Raw: 78
[D][remote.raw:028]: Received Raw: 1284, -397, 1189, -492, 476, -1210, 454, -1232, 476, -1213, 481, -1208, 451, -1236, 479, -1210, 481, -1206, 480, -1205, 483, -1208, 452, -7418, 1268, -419, 1235, -447, 452, -1235, 454, -1231, 482, -1210, 1237, -446, 1238, -447, 1236, -450,
[D][remote.raw:028]:   1236, -450, 1234, -451, 1189, -494, 1233, -6625, 1339, -353, 1235, -445, 486, -1176, 479, -1237, 450, -1236, 477, -1210, 477, -1217, 1236, -444, 475, -1211, 481, -1205, 477, -1212, 450, -7415, 1337, -354, 1241, -441, 447, -1243, 446, -1240, 443, -1243,
[D][remote.raw:028]:   445, -1243, 440, -1250, 1240, -443, 439, -1245, 447, -1242, 444, -1242, 472, -7392, 1305, -390, 1240, -442, 444, -1241, 444, -1242, 420, -1270, 441, -1247, 442, -992, 72, -181, 1240, -450, 435, -1246, 446, -1240, 447, -1240, 444, -7422, 1275, -418,
[D][remote.raw:028]:   1187, -492, 446, -1239, 446, -1242, 475, -1211, 443, -1243, 445, -1246, 1242, -442, 443, -1242, 445, -1241, 445, -1245, 444, -7418, 1307, -385, 1239, -442, 441, -1247, 445, -1241, 447, -1244, 439, -1246, 445, -1243, 1195, -489, 445, -1240, 448, -1244,
[D][remote.raw:028]:   443, -1241, 444, -7421, 1307, -386, 1240, -442, 444, -1241, 445, -1241, 447, -1242, 448, -1239, 447, -1241, 1241, -441, 447, -1242, 447, -1241, 446, -1239, 447, -7406, 1286, -386, 1244, -440, 444, -1245, 444, -1242, 451, -1235, 444, -1245, 447, -1241,
[D][remote.raw:041]:   1242, -443, 447, -1237, 445, -1244, 448, -1238, 449
[D][remote.raw:041]: Received Raw: 73
[D][remote.raw:041]: Received Raw: 167
[D][remote.raw:041]: Received Raw: 73
[D][remote.raw:028]: Received Raw: 1285, -396, 1190, -493, 480, -1207, 481, -1205, 472, -1217, 506, -1182, 481, -1204, 481, -1211, 478, -1206, 451, -1236, 484, -1207, 483, -7386, 1269, -451, 1209, -442, 478, -1209, 477, -1210, 449, -1242, 1240, -444, 1193, -493, 1240, -447,
[D][remote.raw:028]:   1236, -446, 1240, -446, 1238, -447, 1190, -6669, 1276, -418, 1190, -489, 441, -1245, 444, -1247, 417, -1269, 443, -1244, 441, -1249, 1194, -491, 442, -1244, 416, -1270, 442, -1247, 418, -7445, 1305, -387, 1239, -443, 416, -1273, 442, -1243, 443, -1244,
[D][remote.raw:028]:   442, -1247, 417, -1272, 1193, -491, 417, -1269, 417, -1273, 439, -1246, 417, -7448, 1278, -416, 1191, -491, 416, -1274, 413, -1269, 417, -1273, 442, -1248, 412, -1273, 1241, -443, 415, -1276, 439, -1245, 420, -1267, 441, -7425, 1277, -414, 1192, -491,
[D][remote.raw:028]:   415, -1270, 417, -1272, 416, -1271, 418, -1268, 418, -1275, 1191, -490, 443, -1243, 442, -1244, 418, -1272, 443, -7420, 1281, -412, 1239, -442, 443, -1245, 446, -1241, 447, -1241, 442, -1247, 443, -1244, 1241, -442, 444, -1242, 446, -1245, 416, -1268,
[D][remote.raw:041]:   446, -7404, 1315, -364, 1236, -443, 474, -1213, 471, -1218, 472, -1214, 477, -1209, 446, -1246, 1239, -444, 476, -1209, 481, -1206, 478, -1209, 478
[D][remote.raw:041]: Received Raw: 74
[D][remote.raw:041]: Received Raw: 165
[D][remote.raw:041]: Received Raw: 71
[D][remote.raw:028]: Received Raw: 1283, -396, 1263, -417, 419, -1271, 440, -1245, 471, -1218, 442, -1247, 416, -1271, 445, -1244, 444, -1250, 409, -1271, 445, -1244, 416, -7456, 1242, -446, 1239, -443, 440, -1248, 416, -1271, 439, -1250, 1269, -416, 1264, -422, 1263, -420,
[D][remote.raw:028]:   1264, -421, 1264, -421, 1264, -420, 1263, -6597, 1278, -415, 1192, -492, 414, -1271, 441, -1245, 421, -1270, 417, -1268, 420, -1270, 1240, -444, 417, -1271, 443, -1244, 419, -1268, 419, -7451, 1270, -419, 1193, -491, 419, -1267, 444, -1244, 421, -1270,
[D][remote.raw:028]:   417, -1267, 446, -1245, 1193, -491, 418, -1269, 419, -1267, 446, -1243, 447, -7418, 1311, -382, 1239, -442, 443, -1246, 445, -1246, 418, -1266, 421, -1268, 421, -1268, 1192, -490, 419, -1269, 445, -1244, 446, -1241, 444, -7422, 1280, -413, 1192, -447,
[D][remote.raw:028]:   463, -1266, 419, -1268, 419, -1271, 445, -1242, 420, -1269, 1240, -443, 442, -1247, 422, -1266, 443, -1243, 444, -7425, 1274, -417, 1192, -491, 419, -1266, 420, -1270, 443, -1244, 444, -1243, 418, -1273, 1193, -491, 417, -1269, 442, -1252, 435, -1246,
[D][remote.raw:041]:   418, -7436, 1280, -423, 1192, -490, 416, -1271, 444, -1244, 444, -1244, 444, -1242, 419, -1273, 1192, -490, 447, -1241, 447, -1239, 419, -1268, 447
[D][remote.raw:041]: Received Raw: 78
[D][remote.raw:041]: Received Raw: 78
[D][remote.raw:041]: Received Raw: 78
[D][remote.raw:028]: Received Raw: 1243, -441, 1241, -442, 417, -1273, 447, -1241, 445, -1239, 479, -1214, 468, -1217, 476, -1213, 478, -1212, 475, -1211, 473, -1214, 505, -7368, 1266, -417, 1270, -415, 474, -1215, 481, -1203, 476, -1215, 1265, -422, 1287, -395, 1265, -420,
[D][remote.raw:028]:   1265, -422, 1236, -446, 1264, -420, 1241, -6618, 1345, -351, 1189, -490, 476, -1210, 482, -1209, 506, -1180, 481, -1206, 455, -1234, 1291, -393, 476, -1212, 484, -1202, 482, -1207, 479, -7387, 1308, -383, 1240, -443, 473, -1216, 443, -1244, 446, -1240,
[D][remote.raw:028]:   444, -1244, 473, -1218, 1241, -445, 423, -1261, 438, -1248, 443, -1249, 466, -7397, 1308, -382, 1241, -443, 441, -1245, 419, -1269, 447, -1239, 443, -1250, 411, -1275, 1192, -490, 417, -1270, 444, -1245, 442, -1247, 415, -7448, 1278, -415, 1192, -490,
[D][remote.raw:028]:   416, -1270, 441, -1245, 417, -1273, 419, -1268, 441, -1248, 1240, -443, 415, -1274, 442, -1244, 418, -1269, 417, -7450, 1276, -415, 1192, -490, 441, -1246, 416, -1273, 441, -1249, 414, -1269, 418, -1274, 1193, -490, 417, -1270, 442, -1244, 449, -1240,
[D][remote.raw:028]:   419, -7446, 1279, -412, 1240, -447, 413, -1272, 418, -1269, 419, -1268, 443, -1246, 442, -1249, 1190, -491, 417, -1269, 419, -1270, 420, -1267, 444, -7422, 1278, -416, 1192, -490, 444, -1243, 442, -1245, 418, -1272, 445, -1241, 442, -1246, 1242, -442,
[D][remote.raw:041]:   417, -1272, 418, -1268, 446, -1242, 418, -7435, 1252, -420, 1240, -446, 439, -1247, 445, -1241, 444, -1243, 420, -1270, 418, -1270, 1194, -490, 441, -1245, 444, -1246, 444, -1242, 419
[D][remote.raw:041]: Received Raw: 75
[D][remote.raw:041]: Received Raw: 76
[D][remote.raw:041]: Received Raw: 70
[D][remote.raw:041]: Received Raw: 109
[D][remote.raw:041]: Received Raw: 77
[D][remote.raw:041]: Received Raw: 115
[D][remote.raw:041]: Received Raw: 75
[D][remote.raw:041]: Received Raw: 231
[D][remote.raw:041]: Received Raw: 73
[D][remote.raw:041]: Received Raw: 70
[D][remote.raw:041]: Received Raw: 71
[D][remote.raw:028]: Received Raw: 1210, -473, 1192, -492, 436, -1251, 438, -1250, 464, -1225, 443, -1243, 444, -1246, 439, -1248, 443, -1244, 502, -1185, 443, -1247, 472, -7058, 1282, -397, 1189, -493, 481, -1204, 478, -1213, 478, -1211, 1191, -495, 1190, -496, 1188, -495,
[D][remote.raw:028]:   1190, -495, 1236, -448, 1237, -447, 1239, -6587, 1314, -385, 1237, -443, 417, -1271, 442, -1244, 417, -1273, 445, -1241, 443, -1244, 417, -1276, 1192, -493, 441, -1243, 441, -1245, 441, -7087, 1271, -407, 1240, -443, 439, -1250, 440, -1246, 417, -1270,
[D][remote.raw:028]:   416, -1273, 417, -1270, 416, -1272, 1264, -420, 414, -1236, 455, -1270, 442, -7082, 1247, -434, 1193, -491, 415, -1271, 417, -1273, 442, -1244, 417, -1270, 441, -1249, 417, -1271, 1193, -490, 416, -1271, 415, -1273, 418, -7108, 1245, -436, 1192, -490,
[D][remote.raw:028]:   416, -1270, 418, -1268, 442, -1252, 413, -1270, 441, -1244, 418, -1275, 1192, -491, 441, -1244, 422, -1265, 444, -7085, 1190, -490, 1239, -442, 443, -1245, 445, -1244, 441, -1244, 448, -1241, 447, -1240, 448, -1240, 1269, -416, 476, -1212, 456, -1231,
[D][remote.raw:028]:   478, -7047, 1192, -491, 1238, -445, 478, -1208, 479, -1211, 479, -1211, 476, -1209, 478, -1210, 507, -1181, 1237, -449, 480, -1205, 481, -1209, 483, -7367, 1317, -359, 1191, -492, 479, -1206, 483, -1204, 456, -1235, 450, -1236, 510, -1177, 451, -1240,
[D][remote.raw:041]:   1191, -492, 479, -1207, 478, -1209, 454
[D][remote.raw:041]: Received Raw: 77
[D][remote.raw:028]: Received Raw: 1191, -490, 1214, -470, 444, -1243, 443, -1244, 474, -1214, 443, -1244, 442, -1248, 451, -1235, 470, -1218, 440, -1249, 471, -1218, 473, -433, 75, -6550, 1278, -398, 1238, -445, 473, -1217, 444, -1241, 447, -1242, 1240, -446, 1269, -416,
[D][remote.raw:028]:   1238, -451, 1260, -420, 1239, -445, 1265, -423, 1237, -6584, 1338, -359, 1191, -491, 477, -1210, 478, -1211, 448, -1239, 448, -1239, 450, -1237, 478, -1216, 1188, -491, 479, -1209, 445, -1243, 476, -7049, 1218, -466, 1190, -492, 478, -1207, 477, -1211,
[D][remote.raw:028]:   480, -1209, 479, -1207, 482, -1206, 452, -1239, 1235, -448, 484, -1203, 484, -1202, 481, -7045, 1221, -459, 1294, -392, 475, -1211, 494, -1193, 476, -1210, 481, -1209, 484, -1202, 451, -1236, 1270, -416, 476, -1211, 479, -1208, 450, -7074, 1220, -464,
[D][remote.raw:028]:   1232, -448, 483, -1202, 484, -1206, 477, -1210, 479, -1208, 451, -1237, 480, -1211, 1190, -491, 479, -1207, 479, -1209, 480, -7046, 1218, -465, 1191, -490, 454, -1232, 476, -1212, 476, -1214, 473, -1211, 448, -1242, 477, -1212, 1192, -493, 445, -1241,
[D][remote.raw:041]:   444, -1242, 446, -7405, 1279, -397, 1237, -445, 440, -1252, 434, -1250, 440, -1246, 437, -1254, 434, -1253, 408, -1279, 1239, -444, 408, -1282, 437, -1250, 412
[D][remote.raw:041]: Received Raw: 138
[D][remote.raw:041]: Received Raw: 77
[D][remote.raw:041]: Received Raw: 138
[D][remote.raw:028]: Received Raw: 1241, -443, 1193, -491, 443, -1246, 441, -1245, 440, -1248, 443, -1245, 442, -1245, 439, -1254, 437, -1247, 416, -1270, 443, -1247, 469, -7067, 1276, -396, 1192, -490, 420, -1266, 444, -1247, 445, -1242, 1194, -493, 1192, -493, 1192, -492,
[D][remote.raw:028]:   1192, -493, 1192, -493, 1192, -492, 1193, -6633, 1280, -420, 1188, -491, 416, -1270, 418, -1269, 417, -1272, 419, -1270, 441, -1244, 468, -1224, 1193, -491, 415, -1270, 446, -1241, 440, -7088, 1246, -435, 1239, -443, 414, -1273, 417, -1270, 418, -1269,
[D][remote.raw:028]:   417, -1272, 441, -1246, 417, -1271, 1241, -442, 416, -1275, 416, -1269, 417, -7107, 1245, -437, 1193, -490, 416, -1270, 440, -1249, 442, -1244, 442, -1244, 417, -1272, 442, -1247, 1193, -490, 420, -1267, 442, -1247, 417, -7109, 1244, -439, 1191, -490,
[D][remote.raw:028]:   443, -1244, 442, -1244, 417, -1273, 442, -1244, 445, -1242, 444, -1248, 1192, -492, 442, -1243, 417, -1269, 418, -7110, 1244, -436, 1240, -444, 441, -1247, 444, -1241, 420, -1269, 441, -1247, 442, -1244, 442, -1247, 1242, -441, 445, -1243, 446, -1242,
[D][remote.raw:041]:   444, -7406, 1291, -385, 1239, -445, 441, -1244, 448, -1241, 448, -1240, 475, -1211, 447, -1243, 448, -1243, 1237, -445, 476, -1209, 453, -1237, 453
[D][remote.raw:041]: Received Raw: 137
[D][remote.raw:041]: Received Raw: 76
[D][remote.raw:041]: Received Raw: 72
[D][remote.raw:041]: Received Raw: 74
[D][remote.raw:028]: Received Raw: 1192, -492, 1239, -442, 440, -1253, 412, -1271, 416, -1272, 441, -1248, 416, -1271, 417, -1271, 440, -1249, 419, -1268, 443, -1245, 416, -6149, 72, -898, 1251, -425, 1193, -490, 414, -1273, 517, -1170, 414, -1278, 1193, -492, 1193, -492,
[D][remote.raw:028]:   1193, -492, 1193, -494, 1191, -492, 1193, -493, 1192, -6633, 1277, -416, 1263, -419, 415, -1276, 414, -1271, 416, -1271, 415, -1275, 417, -1270, 417, -1271, 1264, -419, 416, -1274, 416, -1270, 418, -7108, 1248, -433, 1193, -491, 415, -1270, 418, -1272,
[D][remote.raw:028]:   418, -1268, 418, -1269, 444, -1245, 442, -1248, 1192, -490, 422, -1265, 418, -1272, 417, -7109, 1248, -433, 1194, -490, 415, -1274, 414, -1269, 417, -1273, 417, -1270, 419, -1267, 418, -1275, 1192, -491, 418, -1267, 418, -1268, 445, -7084, 1248, -430,
[D][remote.raw:028]:   1241, -444, 416, -1275, 413, -1270, 442, -1246, 415, -1274, 444, -1242, 443, -1246, 1264, -419, 417, -1272, 418, -1269, 417, -7108, 1246, -435, 1192, -491, 415, -1271, 442, -1249, 417, -1272, 439, -1245, 417, -1272, 417, -1271, 1194, -490, 415, -1271,
[D][remote.raw:028]:   417, -1272, 442, -7084, 1246, -435, 1193, -490, 416, -1270, 443, -1244, 418, -1273, 440, -1246, 416, -1270, 444, -1248, 1193, -490, 414, -1271, 444, -1243, 420, -7433, 1279, -394, 1241, -441, 445, -1247, 442, -1241, 445, -1243, 446, -1241, 450, -1238,
[D][remote.raw:041]:   444, -1245, 1242, -441, 446, -1243, 446, -1241, 448
[D][remote.raw:041]: Received Raw: 74, -17672, 115
[D][remote.raw:041]: Received Raw: 76, -2803, 72
[D][remote.raw:041]: Received Raw: 76
[D][remote.raw:041]: Received Raw: 72
[D][remote.raw:028]: Received Raw: 1194, -491, 1194, -490, 415, -1273, 441, -1245, 417, -1273, 418, -1270, 417, -1271, 416, -1274, 415, -1272, 415, -1272, 442, -1249, 417, -7116, 1251, -425, 1197, -487, 416, -1272, 415, -1278, 413, -1272, 1194, -492, 1193, -497, 1189, -492,
[D][remote.raw:028]:   1193, -492, 1193, -493, 1193, -493, 1191, -6634, 1278, -419, 1193, -490, 416, -1271, 444, -1243, 418, -1272, 417, -1270, 419, -1269, 444, -1246, 1193, -491, 470, -1216, 417, -1270, 419, -7113, 1245, -430, 1242, -442, 417, -1273, 417, -1269, 444, -1243,
[D][remote.raw:028]:   444, -1246, 420, -1267, 419, -1270, 1241, -441, 419, -1270, 445, -1243, 443, -7082, 1248, -433, 1193, -492, 412, -1272, 419, -1270, 444, -1242, 444, -1243, 419, -1270, 418, -1271, 1192, -490, 417, -1269, 417, -1272, 418, -7107, 1247, -434, 1192, -489,
[D][remote.raw:028]:   417, -1270, 417, -1269, 418, -1272, 441, -1244, 417, -1272, 415, -1275, 1192, -490, 416, -1270, 416, -1271, 417, -7111, 1247, -431, 1264, -419, 415, -1274, 417, -1270, 417, -1269, 441, -1249, 442, -1244, 444, -1245, 1241, -443, 416, -1273, 418, -1268,
[D][remote.raw:041]:   444, -7406, 1253, -426, 1190, -490, 442, -1244, 418, -1272, 417, -1269, 444, -1245, 416, -1272, 444, -1244, 1193, -491, 443, -1242, 444, -1246, 441
[D][remote.raw:041]: Received Raw: 74
[D][remote.raw:041]: Received Raw: 78
[D][remote.raw:041]: Received Raw: 74
[D][remote.raw:041]: Received Raw: 161
[D][remote.raw:041]: Received Raw: 215
[D][remote.raw:028]: Received Raw: 1191, -488, 1266, -419, 444, -1245, 440, -1246, 473, -1215, 475, -1219, 446, -1238, 479, -1209, 440, -1248, 443, -1245, 441, -1248, 441, -7092, 1282, -397, 1188, -494, 435, -1249, 440, -1248, 439, -1252, 1214, -473, 1191, -492, 1193, -494,
[D][remote.raw:028]:   1191, -495, 1213, -471, 1213, -471, 1196, -6629, 1305, -390, 1237, -448, 406, -1282, 410, -1276, 439, -1248, 440, -1253, 1191, -493, 435, -1249, 413, -1274, 436, -1255, 438, -1248, 436, -7088, 1216, -470, 1209, -471, 442, -1245, 436, -1253, 437, -1251,
[D][remote.raw:028]:   444, -1244, 1238, -445, 439, -1251, 440, -1247, 463, -1223, 441, -1248, 446, -7081, 1216, -466, 1214, -469, 441, -1246, 439, -1247, 436, -1257, 437, -1250, 1190, -493, 436, -1249, 465, -1226, 437, -1248, 438, -1250, 435, -7093, 1215, -466, 1236, -447,
[D][remote.raw:028]:   436, -1253, 435, -1251, 438, -1247, 409, -1284, 1213, -471, 411, -1276, 438, -1249, 435, -1254, 434, -1253, 412, -7114, 1221, -463, 1210, -472, 440, -1247, 441, -1249, 440, -1246, 465, -1225, 1262, -421, 436, -1252, 439, -1252, 433, -1250, 436, -1254,
[D][remote.raw:041]:   438, -7557, 1298, -397, 1209, -471, 435, -1250, 436, -1251, 439, -1251, 410, -1279, 1211, -472, 435, -1250, 435, -1255, 437, -1249, 437, -1250, 436
[D][remote.raw:041]: Received Raw: 246
[D][remote.raw:041]: Received Raw: 78
[D][remote.raw:041]: Received Raw: 139
[D][remote.raw:041]: Received Raw: 137
[D][remote.raw:041]: Received Raw: 140
[D][remote.raw:028]: Received Raw: 1241, -447, 1192, -492, 442, -1245, 468, -1219, 444, -1244, 472, -1215, 444, -1243, 449, -1241, 472, -1214, 468, -1222, 470, -1217, 447, -7083, 1249, -428, 1236, -446, 435, -1254, 441, -1247, 410, -1277, 1237, -448, 1238, -448, 1237, -448,
[D][remote.raw:028]:   1237, -450, 1258, -424, 1236, -448, 1212, -6611, 1299, -399, 1189, -496, 406, -1276, 413, -1278, 438, -1246, 437, -1250, 1238, -446, 410, -1279, 436, -1251, 436, -1250, 409, -1280, 436, -7085, 1216, -467, 1212, -471, 431, -1255, 432, -1259, 404, -1282,
[D][remote.raw:028]:   435, -1253, 1214, -468, 435, -1252, 435, -1255, 432, -1255, 430, -1257, 432, -7095, 1214, -464, 1237, -446, 405, -1283, 409, -1278, 404, -1283, 431, -1260, 1213, -470, 407, -1279, 408, -1280, 434, -1254, 434, -1253, 410, -7114, 1215, -470, 1237, -447,
[D][remote.raw:028]:   404, -1280, 438, -1252, 434, -1251, 435, -1255, 1237, -446, 406, -1284, 430, -1257, 431, -1254, 408, -1285, 434, -7089, 1213, -469, 1190, -493, 432, -1253, 437, -1251, 435, -1254, 434, -1254, 1191, -495, 433, -1252, 435, -1253, 411, -1277, 438, -1248,
[D][remote.raw:041]:   434, -7557, 1299, -399, 1187, -490, 412, -1281, 433, -1252, 435, -1253, 436, -1253, 1239, -444, 412, -1278, 437, -1252, 434, -1251, 437, -1251, 442
[D][remote.raw:041]: Received Raw: 70
[D][remote.raw:041]: Received Raw: 74
[D][remote.raw:041]: Received Raw: 117
[D][remote.raw:028]: Received Raw: 1308, -387, 1238, -443, 474, -1215, 447, -1240, 444, -1248, 471, -1214, 478, -1208, 472, -1215, 446, -1244, 417, -1269, 470, -1217, 444, -7087, 1252, -425, 1191, -490, 443, -1246, 440, -1245, 448, -1243, 1192, -496, 1192, -491, 1191, -494,
[D][remote.raw:028]:   1190, -494, 1191, -494, 1190, -495, 1191, -6632, 1309, -390, 1233, -445, 438, -1251, 440, -1248, 437, -1250, 407, -1283, 1191, -493, 436, -1253, 437, -1246, 439, -1251, 436, -1253, 464, -7062, 1216, -464, 1191, -495, 435, -1250, 435, -1253, 409, -1278,
[D][remote.raw:028]:   437, -1253, 1262, -421, 433, -1257, 440, -1246, 413, -1274, 436, -1252, 414, -7113, 1190, -492, 1190, -491, 435, -1252, 440, -1247, 439, -1251, 435, -1254, 1189, -495, 435, -1249, 435, -1255, 436, -1249, 439, -1247, 436, -7093, 1215, -465, 1237, -446,
[D][remote.raw:028]:   411, -1277, 438, -1248, 434, -1255, 437, -1253, 1191, -492, 409, -1276, 410, -1278, 435, -1254, 434, -1252, 438, -7086, 1215, -466, 1210, -474, 433, -1257, 433, -1250, 438, -1250, 409, -1277, 1241, -444, 410, -1279, 437, -1249, 439, -1247, 436, -1254,
[D][remote.raw:041]:   447, -7247, 1300, -404, 1188, -495, 433, -1250, 441, -1249, 436, -1249, 435, -1258, 1187, -492, 437, -1247, 438, -1256, 405, -1277, 434, -1253, 440
[D][remote.raw:041]: Received Raw: 75
[D][remote.raw:041]: Received Raw: 85
[D][remote.raw:041]: Received Raw: 113
[D][remote.raw:041]: Received Raw: 73
[D][remote.raw:028]: Received Raw: 1246, -436, 1191, -492, 452, -1239, 472, -1214, 466, -1221, 481, -1206, 446, -1242, 478, -1210, 475, -1212, 475, -1212, 452, -1235, 481, -7051, 1276, -400, 1262, -421, 443, -1247, 472, -1214, 476, -1212, 1265, -420, 1240, -449, 1260, -423,
[D][remote.raw:028]:   1236, -446, 1263, -424, 1262, -424, 1211, -6609, 1307, -391, 1191, -492, 443, -1244, 452, -1237, 446, -1241, 442, -1246, 1265, -421, 444, -1243, 471, -1215, 442, -1246, 446, -1243, 441, -7084, 1218, -465, 1190, -496, 437, -1244, 447, -1241, 470, -1219,
[D][remote.raw:028]:   471, -1219, 1192, -492, 437, -1253, 439, -1246, 446, -1240, 470, -1218, 442, -7087, 1215, -464, 1262, -421, 441, -1248, 471, -1216, 435, -1251, 438, -1253, 1191, -493, 438, -1247, 440, -1246, 438, -1252, 437, -1249, 442, -7087, 1214, -466, 1189, -493,
[D][remote.raw:028]:   441, -1245, 438, -1252, 440, -1246, 466, -1224, 1262, -420, 439, -1251, 436, -1249, 414, -1273, 437, -1253, 439, -7085, 1216, -467, 1189, -493, 437, -1249, 439, -1247, 464, -1225, 438, -1254, 1211, -469, 436, -1250, 440, -1250, 437, -1250, 409, -1277,
[D][remote.raw:028]:   440, -7086, 1217, -463, 1261, -420, 436, -1254, 438, -1247, 441, -1245, 437, -1253, 1192, -492, 439, -1247, 410, -1275, 438, -1253, 470, -1216, 441, -7408, 1275, -400, 1211, -471, 438, -1248, 466, -1224, 440, -1246, 437, -1250, 1263, -421, 435, -1252,
[D][remote.raw:041]:   437, -1250, 466, -1220, 440, -1249, 445
[D][remote.raw:041]: Received Raw: 72
[D][remote.raw:041]: Received Raw: 76
[D][remote.raw:041]: Received Raw: 75
[D][remote.raw:041]: Received Raw: 75
[D][remote.raw:028]: Received Raw: 1220, -462, 1263, -421, 472, -1214, 475, -1211, 504, -1184, 480, -1211, 479, -1209, 478, -1209, 449, -1239, 508, -1180, 478, -1209, 450, -7085, 1288, -389, 1191, -492, 473, -1213, 473, -1215, 478, -1212, 1192, -494, 1192, -493, 1191, -495,
[D][remote.raw:028]:   1190, -494, 1191, -493, 1192, -494, 1191, -6631, 1347, -351, 1240, -441, 476, -1212, 502, -1183, 481, -1205, 479, -1214, 1191, -492, 448, -1236, 481, -1208, 477, -1212, 454, -1231, 480, -7048, 1220, -462, 1190, -491, 478, -1208, 456, -1237, 475, -1209,
[D][remote.raw:028]:   478, -1216, 1261, -419, 449, -1240, 473, -1214, 479, -1207, 478, -1212, 450, -7076, 1220, -462, 1194, -488, 476, -1212, 479, -1207, 475, -1214, 478, -1211, 1191, -494, 473, -1211, 476, -1212, 482, -1205, 447, -1241, 476, -7050, 1221, -459, 1237, -446,
[D][remote.raw:028]:   473, -1215, 447, -1241, 473, -1212, 470, -1221, 1192, -490, 439, -1247, 441, -1247, 472, -1217, 473, -1212, 439, -7085, 1197, -485, 1190, -495, 442, -1242, 441, -1247, 444, -1243, 437, -1251, 1262, -421, 412, -1279, 469, -1215, 410, -1277, 436, -1253,
[D][remote.raw:028]:   437, -7087, 1213, -469, 1210, -473, 404, -1281, 432, -1255, 407, -1281, 411, -1279, 1214, -470, 400, -1309, 382, -1284, 405, -1308, 375, -1286, 400, -7129, 1213, -487, 1213, -469, 352, -1339, 375, -1310, 380, -1306, 379, -1312, 1188, -495, 377, -1285,
[D][remote.raw:041]:   405, -1282, 407, -1283, 435, -1250, 436, -7413, 1283, -392, 1191, -494, 475, -1209, 478, -1211, 479, -1207, 477, -1211, 1270, -415, 474, -1213, 466, -1222, 483, -1203, 478, -1213, 479
[D][remote.raw:041]: Received Raw: 74
[D][remote.raw:041]: Received Raw: 137
[D][remote.raw:041]: Received Raw: 77
